Architecture smell,Project,Namespace,Cause,Responsible Classes,Participating Classes
Cyclic Dependency,GitSharp.Core,GitSharp.Core,The tool detected the smell in this component because this component participates in a cyclic dependency. The participating components in the cycle are: GitSharp.Core' GitSharp.Core.Exceptions,GitSharp.Core.AbbreviatedObjectId' GitSharp.Core.BlobBasedConfig' GitSharp.Core.IgnoreHandler' GitSharp.Core.SubmoduleEntry' GitSharp.Core.ObjectDatabase' GitSharp.Core.GitIndex' GitSharp.Core.RefUpdate' GitSharp.Core.Exceptions.CompoundException' GitSharp.Core.Exceptions.InvalidObjectIdException' GitSharp.Core.Exceptions.MissingBundlePrerequisiteException' GitSharp.Core.Exceptions.UnmergedPathException,GitSharp.Core.AbbreviatedObjectId' GitSharp.Core.BlobBasedConfig' GitSharp.Core.IgnoreHandler' GitSharp.Core.SubmoduleEntry' GitSharp.Core.ObjectDatabase' GitSharp.Core.GitIndex' GitSharp.Core.RefUpdate' GitSharp.Core.Exceptions.CompoundException' GitSharp.Core.Exceptions.InvalidObjectIdException' GitSharp.Core.Exceptions.MissingBundlePrerequisiteException' GitSharp.Core.Exceptions.UnmergedPathException
Cyclic Dependency,GitSharp.Core,GitSharp.Core,The tool detected the smell in this component because this component participates in a cyclic dependency. The participating components in the cycle are: GitSharp.Core' GitSharp.Core.Transport' GitSharp.Core.Exceptions,GitSharp.Core.AbbreviatedObjectId' GitSharp.Core.BlobBasedConfig' GitSharp.Core.IgnoreHandler' GitSharp.Core.SubmoduleEntry' GitSharp.Core.ObjectDatabase' GitSharp.Core.GitIndex' GitSharp.Core.RefUpdate' GitSharp.Core.Transport.BundleWriter' GitSharp.Core.Transport.FetchProcess' GitSharp.Core.Transport.OpenSshConfig' GitSharp.Core.Transport.WalkFetchConnection' GitSharp.Core.Transport.BasePackFetchConnection' GitSharp.Core.Exceptions.CompoundException' GitSharp.Core.Exceptions.InvalidObjectIdException' GitSharp.Core.Exceptions.MissingBundlePrerequisiteException' GitSharp.Core.Exceptions.UnmergedPathException,GitSharp.Core.AbbreviatedObjectId' GitSharp.Core.BlobBasedConfig' GitSharp.Core.IgnoreHandler' GitSharp.Core.SubmoduleEntry' GitSharp.Core.ObjectDatabase' GitSharp.Core.GitIndex' GitSharp.Core.RefUpdate' GitSharp.Core.Transport.BundleWriter' GitSharp.Core.Transport.FetchProcess' GitSharp.Core.Transport.OpenSshConfig' GitSharp.Core.Transport.WalkFetchConnection' GitSharp.Core.Transport.BasePackFetchConnection' GitSharp.Core.Exceptions.CompoundException' GitSharp.Core.Exceptions.InvalidObjectIdException' GitSharp.Core.Exceptions.MissingBundlePrerequisiteException' GitSharp.Core.Exceptions.UnmergedPathException
Cyclic Dependency,GitSharp.Core,GitSharp.Core,The tool detected the smell in this component because this component participates in a cyclic dependency. The participating components in the cycle are: GitSharp.Core' GitSharp.Core.RevWalk' GitSharp.Core.Transport' GitSharp.Core.Exceptions,GitSharp.Core.AbbreviatedObjectId' GitSharp.Core.BlobBasedConfig' GitSharp.Core.IgnoreHandler' GitSharp.Core.SubmoduleEntry' GitSharp.Core.ObjectDatabase' GitSharp.Core.GitIndex' GitSharp.Core.RefUpdate' GitSharp.Core.RevWalk.FooterKey' GitSharp.Core.RevWalk.FooterLine' GitSharp.Core.RevWalk.ObjectWalk' GitSharp.Core.RevWalk.PendingGenerator' GitSharp.Core.RevWalk.RevWalk' GitSharp.Core.Transport.BundleWriter' GitSharp.Core.Transport.FetchProcess' GitSharp.Core.Transport.OpenSshConfig' GitSharp.Core.Transport.WalkFetchConnection' GitSharp.Core.Transport.BasePackFetchConnection' GitSharp.Core.Exceptions.CompoundException' GitSharp.Core.Exceptions.InvalidObjectIdException' GitSharp.Core.Exceptions.MissingBundlePrerequisiteException' GitSharp.Core.Exceptions.UnmergedPathException,GitSharp.Core.AbbreviatedObjectId' GitSharp.Core.BlobBasedConfig' GitSharp.Core.IgnoreHandler' GitSharp.Core.SubmoduleEntry' GitSharp.Core.ObjectDatabase' GitSharp.Core.GitIndex' GitSharp.Core.RefUpdate' GitSharp.Core.RevWalk.FooterKey' GitSharp.Core.RevWalk.FooterLine' GitSharp.Core.RevWalk.ObjectWalk' GitSharp.Core.RevWalk.PendingGenerator' GitSharp.Core.RevWalk.RevWalk' GitSharp.Core.Transport.BundleWriter' GitSharp.Core.Transport.FetchProcess' GitSharp.Core.Transport.OpenSshConfig' GitSharp.Core.Transport.WalkFetchConnection' GitSharp.Core.Transport.BasePackFetchConnection' GitSharp.Core.Exceptions.CompoundException' GitSharp.Core.Exceptions.InvalidObjectIdException' GitSharp.Core.Exceptions.MissingBundlePrerequisiteException' GitSharp.Core.Exceptions.UnmergedPathException
Cyclic Dependency,GitSharp.Core,GitSharp.Core,The tool detected the smell in this component because this component participates in a cyclic dependency. The participating components in the cycle are: GitSharp.Core' GitSharp.Core.Util' GitSharp.Core.RevWalk' GitSharp.Core.Transport' GitSharp.Core.Exceptions,GitSharp.Core.AbbreviatedObjectId' GitSharp.Core.BlobBasedConfig' GitSharp.Core.IgnoreHandler' GitSharp.Core.SubmoduleEntry' GitSharp.Core.ObjectDatabase' GitSharp.Core.GitIndex' GitSharp.Core.RefUpdate' GitSharp.Core.Util.FS' GitSharp.Core.Util.StringExtension' GitSharp.Core.RevWalk.FooterKey' GitSharp.Core.RevWalk.FooterLine' GitSharp.Core.RevWalk.ObjectWalk' GitSharp.Core.RevWalk.PendingGenerator' GitSharp.Core.RevWalk.RevWalk' GitSharp.Core.Transport.BundleWriter' GitSharp.Core.Transport.FetchProcess' GitSharp.Core.Transport.OpenSshConfig' GitSharp.Core.Transport.WalkFetchConnection' GitSharp.Core.Transport.BasePackFetchConnection' GitSharp.Core.Exceptions.CompoundException' GitSharp.Core.Exceptions.InvalidObjectIdException' GitSharp.Core.Exceptions.MissingBundlePrerequisiteException' GitSharp.Core.Exceptions.UnmergedPathException,GitSharp.Core.AbbreviatedObjectId' GitSharp.Core.BlobBasedConfig' GitSharp.Core.IgnoreHandler' GitSharp.Core.SubmoduleEntry' GitSharp.Core.ObjectDatabase' GitSharp.Core.GitIndex' GitSharp.Core.RefUpdate' GitSharp.Core.Util.FS' GitSharp.Core.Util.StringExtension' GitSharp.Core.RevWalk.FooterKey' GitSharp.Core.RevWalk.FooterLine' GitSharp.Core.RevWalk.ObjectWalk' GitSharp.Core.RevWalk.PendingGenerator' GitSharp.Core.RevWalk.RevWalk' GitSharp.Core.Transport.BundleWriter' GitSharp.Core.Transport.FetchProcess' GitSharp.Core.Transport.OpenSshConfig' GitSharp.Core.Transport.WalkFetchConnection' GitSharp.Core.Transport.BasePackFetchConnection' GitSharp.Core.Exceptions.CompoundException' GitSharp.Core.Exceptions.InvalidObjectIdException' GitSharp.Core.Exceptions.MissingBundlePrerequisiteException' GitSharp.Core.Exceptions.UnmergedPathException
Cyclic Dependency,GitSharp.Core,GitSharp.Core.Diff,The tool detected the smell in this component because this component participates in a cyclic dependency. The participating components in the cycle are: GitSharp.Core.Diff' GitSharp.Core.Patch,GitSharp.Core.Diff.DiffFormatter' GitSharp.Core.Diff.EditList' GitSharp.Core.Patch.BinaryHunk' GitSharp.Core.Patch.FileHeader,GitSharp.Core.Diff.DiffFormatter' GitSharp.Core.Diff.EditList' GitSharp.Core.Patch.BinaryHunk' GitSharp.Core.Patch.FileHeader
Cyclic Dependency,GitSharp.Core,GitSharp.Core.DirectoryCache,The tool detected the smell in this component because this component participates in a cyclic dependency. The participating components in the cycle are: GitSharp.Core.DirectoryCache' GitSharp.Core.Exceptions,GitSharp.Core.DirectoryCache.DirCacheBuildIterator' GitSharp.Core.DirectoryCache.DirCache' GitSharp.Core.Exceptions.CompoundException' GitSharp.Core.Exceptions.InvalidObjectIdException' GitSharp.Core.Exceptions.MissingBundlePrerequisiteException' GitSharp.Core.Exceptions.UnmergedPathException,GitSharp.Core.DirectoryCache.DirCacheBuildIterator' GitSharp.Core.DirectoryCache.DirCache' GitSharp.Core.Exceptions.CompoundException' GitSharp.Core.Exceptions.InvalidObjectIdException' GitSharp.Core.Exceptions.MissingBundlePrerequisiteException' GitSharp.Core.Exceptions.UnmergedPathException
Cyclic Dependency,GitSharp.Core,GitSharp.Core.DirectoryCache,The tool detected the smell in this component because this component participates in a cyclic dependency. The participating components in the cycle are: GitSharp.Core.DirectoryCache' GitSharp.Core.Exceptions' GitSharp.Core,GitSharp.Core.DirectoryCache.DirCacheBuildIterator' GitSharp.Core.DirectoryCache.DirCache' GitSharp.Core.Exceptions.CompoundException' GitSharp.Core.Exceptions.InvalidObjectIdException' GitSharp.Core.Exceptions.MissingBundlePrerequisiteException' GitSharp.Core.Exceptions.UnmergedPathException' GitSharp.Core.AbbreviatedObjectId' GitSharp.Core.BlobBasedConfig' GitSharp.Core.IgnoreHandler' GitSharp.Core.SubmoduleEntry' GitSharp.Core.ObjectDatabase' GitSharp.Core.GitIndex' GitSharp.Core.RefUpdate,GitSharp.Core.DirectoryCache.DirCacheBuildIterator' GitSharp.Core.DirectoryCache.DirCache' GitSharp.Core.Exceptions.CompoundException' GitSharp.Core.Exceptions.InvalidObjectIdException' GitSharp.Core.Exceptions.MissingBundlePrerequisiteException' GitSharp.Core.Exceptions.UnmergedPathException' GitSharp.Core.AbbreviatedObjectId' GitSharp.Core.BlobBasedConfig' GitSharp.Core.IgnoreHandler' GitSharp.Core.SubmoduleEntry' GitSharp.Core.ObjectDatabase' GitSharp.Core.GitIndex' GitSharp.Core.RefUpdate
Cyclic Dependency,GitSharp.Core,GitSharp.Core.DirectoryCache,The tool detected the smell in this component because this component participates in a cyclic dependency. The participating components in the cycle are: GitSharp.Core.DirectoryCache' GitSharp.Core.Exceptions' GitSharp.Core.TreeWalk' GitSharp.Core,GitSharp.Core.DirectoryCache.DirCacheBuildIterator' GitSharp.Core.DirectoryCache.DirCache' GitSharp.Core.Exceptions.CompoundException' GitSharp.Core.Exceptions.InvalidObjectIdException' GitSharp.Core.Exceptions.MissingBundlePrerequisiteException' GitSharp.Core.Exceptions.UnmergedPathException' GitSharp.Core.TreeWalk.AbstractTreeIterator' GitSharp.Core.TreeWalk.FileTreeIterator' GitSharp.Core.TreeWalk.TreeWalk' GitSharp.Core.AbbreviatedObjectId' GitSharp.Core.BlobBasedConfig' GitSharp.Core.IgnoreHandler' GitSharp.Core.SubmoduleEntry' GitSharp.Core.ObjectDatabase' GitSharp.Core.GitIndex' GitSharp.Core.RefUpdate,GitSharp.Core.DirectoryCache.DirCacheBuildIterator' GitSharp.Core.DirectoryCache.DirCache' GitSharp.Core.Exceptions.CompoundException' GitSharp.Core.Exceptions.InvalidObjectIdException' GitSharp.Core.Exceptions.MissingBundlePrerequisiteException' GitSharp.Core.Exceptions.UnmergedPathException' GitSharp.Core.TreeWalk.AbstractTreeIterator' GitSharp.Core.TreeWalk.FileTreeIterator' GitSharp.Core.TreeWalk.TreeWalk' GitSharp.Core.AbbreviatedObjectId' GitSharp.Core.BlobBasedConfig' GitSharp.Core.IgnoreHandler' GitSharp.Core.SubmoduleEntry' GitSharp.Core.ObjectDatabase' GitSharp.Core.GitIndex' GitSharp.Core.RefUpdate
Cyclic Dependency,GitSharp.Core,GitSharp.Core.DirectoryCache,The tool detected the smell in this component because this component participates in a cyclic dependency. The participating components in the cycle are: GitSharp.Core.DirectoryCache' GitSharp.Core.Exceptions' GitSharp.Core' GitSharp.Core.Exceptions' GitSharp.Core,GitSharp.Core.DirectoryCache.DirCacheBuildIterator' GitSharp.Core.DirectoryCache.DirCache' GitSharp.Core.Exceptions.CompoundException' GitSharp.Core.Exceptions.InvalidObjectIdException' GitSharp.Core.Exceptions.MissingBundlePrerequisiteException' GitSharp.Core.Exceptions.UnmergedPathException' GitSharp.Core.AbbreviatedObjectId' GitSharp.Core.BlobBasedConfig' GitSharp.Core.IgnoreHandler' GitSharp.Core.SubmoduleEntry' GitSharp.Core.ObjectDatabase' GitSharp.Core.GitIndex' GitSharp.Core.RefUpdate,GitSharp.Core.DirectoryCache.DirCacheBuildIterator' GitSharp.Core.DirectoryCache.DirCache' GitSharp.Core.Exceptions.CompoundException' GitSharp.Core.Exceptions.InvalidObjectIdException' GitSharp.Core.Exceptions.MissingBundlePrerequisiteException' GitSharp.Core.Exceptions.UnmergedPathException' GitSharp.Core.AbbreviatedObjectId' GitSharp.Core.BlobBasedConfig' GitSharp.Core.IgnoreHandler' GitSharp.Core.SubmoduleEntry' GitSharp.Core.ObjectDatabase' GitSharp.Core.GitIndex' GitSharp.Core.RefUpdate
Cyclic Dependency,GitSharp.Core,GitSharp.Core.Exceptions,The tool detected the smell in this component because this component participates in a cyclic dependency. The participating components in the cycle are: GitSharp.Core.Exceptions' GitSharp.Core.TreeWalk' GitSharp.Core,GitSharp.Core.Exceptions.CompoundException' GitSharp.Core.Exceptions.InvalidObjectIdException' GitSharp.Core.Exceptions.MissingBundlePrerequisiteException' GitSharp.Core.Exceptions.UnmergedPathException' GitSharp.Core.TreeWalk.AbstractTreeIterator' GitSharp.Core.TreeWalk.FileTreeIterator' GitSharp.Core.TreeWalk.TreeWalk' GitSharp.Core.AbbreviatedObjectId' GitSharp.Core.BlobBasedConfig' GitSharp.Core.IgnoreHandler' GitSharp.Core.SubmoduleEntry' GitSharp.Core.ObjectDatabase' GitSharp.Core.GitIndex' GitSharp.Core.RefUpdate,GitSharp.Core.Exceptions.CompoundException' GitSharp.Core.Exceptions.InvalidObjectIdException' GitSharp.Core.Exceptions.MissingBundlePrerequisiteException' GitSharp.Core.Exceptions.UnmergedPathException' GitSharp.Core.TreeWalk.AbstractTreeIterator' GitSharp.Core.TreeWalk.FileTreeIterator' GitSharp.Core.TreeWalk.TreeWalk' GitSharp.Core.AbbreviatedObjectId' GitSharp.Core.BlobBasedConfig' GitSharp.Core.IgnoreHandler' GitSharp.Core.SubmoduleEntry' GitSharp.Core.ObjectDatabase' GitSharp.Core.GitIndex' GitSharp.Core.RefUpdate
Cyclic Dependency,GitSharp.Core,GitSharp.Core.Exceptions,The tool detected the smell in this component because this component participates in a cyclic dependency. The participating components in the cycle are: GitSharp.Core.Exceptions' GitSharp.Core' GitSharp.Core.Util' GitSharp.Core,GitSharp.Core.Exceptions.CompoundException' GitSharp.Core.Exceptions.InvalidObjectIdException' GitSharp.Core.Exceptions.MissingBundlePrerequisiteException' GitSharp.Core.Exceptions.UnmergedPathException' GitSharp.Core.AbbreviatedObjectId' GitSharp.Core.BlobBasedConfig' GitSharp.Core.IgnoreHandler' GitSharp.Core.SubmoduleEntry' GitSharp.Core.ObjectDatabase' GitSharp.Core.GitIndex' GitSharp.Core.RefUpdate' GitSharp.Core.Util.FS' GitSharp.Core.Util.StringExtension,GitSharp.Core.Exceptions.CompoundException' GitSharp.Core.Exceptions.InvalidObjectIdException' GitSharp.Core.Exceptions.MissingBundlePrerequisiteException' GitSharp.Core.Exceptions.UnmergedPathException' GitSharp.Core.AbbreviatedObjectId' GitSharp.Core.BlobBasedConfig' GitSharp.Core.IgnoreHandler' GitSharp.Core.SubmoduleEntry' GitSharp.Core.ObjectDatabase' GitSharp.Core.GitIndex' GitSharp.Core.RefUpdate' GitSharp.Core.Util.FS' GitSharp.Core.Util.StringExtension
Cyclic Dependency,GitSharp.Core,GitSharp.Core.Exceptions,The tool detected the smell in this component because this component participates in a cyclic dependency. The participating components in the cycle are: GitSharp.Core.Exceptions' GitSharp.Core.TreeWalk' GitSharp.Core' GitSharp.Core.Util' GitSharp.Core,GitSharp.Core.Exceptions.CompoundException' GitSharp.Core.Exceptions.InvalidObjectIdException' GitSharp.Core.Exceptions.MissingBundlePrerequisiteException' GitSharp.Core.Exceptions.UnmergedPathException' GitSharp.Core.TreeWalk.AbstractTreeIterator' GitSharp.Core.TreeWalk.FileTreeIterator' GitSharp.Core.TreeWalk.TreeWalk' GitSharp.Core.AbbreviatedObjectId' GitSharp.Core.BlobBasedConfig' GitSharp.Core.IgnoreHandler' GitSharp.Core.SubmoduleEntry' GitSharp.Core.ObjectDatabase' GitSharp.Core.GitIndex' GitSharp.Core.RefUpdate' GitSharp.Core.Util.FS' GitSharp.Core.Util.StringExtension,GitSharp.Core.Exceptions.CompoundException' GitSharp.Core.Exceptions.InvalidObjectIdException' GitSharp.Core.Exceptions.MissingBundlePrerequisiteException' GitSharp.Core.Exceptions.UnmergedPathException' GitSharp.Core.TreeWalk.AbstractTreeIterator' GitSharp.Core.TreeWalk.FileTreeIterator' GitSharp.Core.TreeWalk.TreeWalk' GitSharp.Core.AbbreviatedObjectId' GitSharp.Core.BlobBasedConfig' GitSharp.Core.IgnoreHandler' GitSharp.Core.SubmoduleEntry' GitSharp.Core.ObjectDatabase' GitSharp.Core.GitIndex' GitSharp.Core.RefUpdate' GitSharp.Core.Util.FS' GitSharp.Core.Util.StringExtension
Cyclic Dependency,GitSharp.Core,GitSharp.Core.FnMatch,The tool detected the smell in this component because this component participates in a cyclic dependency. The participating components in the cycle are: GitSharp.Core.FnMatch' GitSharp.Core' GitSharp.Core.Exceptions,GitSharp.Core.FnMatch.FileNameMatcher' GitSharp.Core.AbbreviatedObjectId' GitSharp.Core.BlobBasedConfig' GitSharp.Core.IgnoreHandler' GitSharp.Core.SubmoduleEntry' GitSharp.Core.ObjectDatabase' GitSharp.Core.GitIndex' GitSharp.Core.RefUpdate' GitSharp.Core.Exceptions.CompoundException' GitSharp.Core.Exceptions.InvalidObjectIdException' GitSharp.Core.Exceptions.MissingBundlePrerequisiteException' GitSharp.Core.Exceptions.UnmergedPathException,GitSharp.Core.FnMatch.FileNameMatcher' GitSharp.Core.AbbreviatedObjectId' GitSharp.Core.BlobBasedConfig' GitSharp.Core.IgnoreHandler' GitSharp.Core.SubmoduleEntry' GitSharp.Core.ObjectDatabase' GitSharp.Core.GitIndex' GitSharp.Core.RefUpdate' GitSharp.Core.Exceptions.CompoundException' GitSharp.Core.Exceptions.InvalidObjectIdException' GitSharp.Core.Exceptions.MissingBundlePrerequisiteException' GitSharp.Core.Exceptions.UnmergedPathException
Cyclic Dependency,GitSharp.Core,GitSharp.Core.FnMatch,The tool detected the smell in this component because this component participates in a cyclic dependency. The participating components in the cycle are: GitSharp.Core.FnMatch' GitSharp.Core.Transport' GitSharp.Core' GitSharp.Core.Exceptions,GitSharp.Core.FnMatch.FileNameMatcher' GitSharp.Core.Transport.BundleWriter' GitSharp.Core.Transport.FetchProcess' GitSharp.Core.Transport.OpenSshConfig' GitSharp.Core.Transport.WalkFetchConnection' GitSharp.Core.Transport.BasePackFetchConnection' GitSharp.Core.AbbreviatedObjectId' GitSharp.Core.BlobBasedConfig' GitSharp.Core.IgnoreHandler' GitSharp.Core.SubmoduleEntry' GitSharp.Core.ObjectDatabase' GitSharp.Core.GitIndex' GitSharp.Core.RefUpdate' GitSharp.Core.Exceptions.CompoundException' GitSharp.Core.Exceptions.InvalidObjectIdException' GitSharp.Core.Exceptions.MissingBundlePrerequisiteException' GitSharp.Core.Exceptions.UnmergedPathException,GitSharp.Core.FnMatch.FileNameMatcher' GitSharp.Core.Transport.BundleWriter' GitSharp.Core.Transport.FetchProcess' GitSharp.Core.Transport.OpenSshConfig' GitSharp.Core.Transport.WalkFetchConnection' GitSharp.Core.Transport.BasePackFetchConnection' GitSharp.Core.AbbreviatedObjectId' GitSharp.Core.BlobBasedConfig' GitSharp.Core.IgnoreHandler' GitSharp.Core.SubmoduleEntry' GitSharp.Core.ObjectDatabase' GitSharp.Core.GitIndex' GitSharp.Core.RefUpdate' GitSharp.Core.Exceptions.CompoundException' GitSharp.Core.Exceptions.InvalidObjectIdException' GitSharp.Core.Exceptions.MissingBundlePrerequisiteException' GitSharp.Core.Exceptions.UnmergedPathException
Cyclic Dependency,GitSharp.Core,GitSharp.Core.FnMatch,The tool detected the smell in this component because this component participates in a cyclic dependency. The participating components in the cycle are: GitSharp.Core.FnMatch' GitSharp.Core' GitSharp.Core.Exceptions' GitSharp.Core' GitSharp.Core.Exceptions,GitSharp.Core.FnMatch.FileNameMatcher' GitSharp.Core.AbbreviatedObjectId' GitSharp.Core.BlobBasedConfig' GitSharp.Core.IgnoreHandler' GitSharp.Core.SubmoduleEntry' GitSharp.Core.ObjectDatabase' GitSharp.Core.GitIndex' GitSharp.Core.RefUpdate' GitSharp.Core.Exceptions.CompoundException' GitSharp.Core.Exceptions.InvalidObjectIdException' GitSharp.Core.Exceptions.MissingBundlePrerequisiteException' GitSharp.Core.Exceptions.UnmergedPathException,GitSharp.Core.FnMatch.FileNameMatcher' GitSharp.Core.AbbreviatedObjectId' GitSharp.Core.BlobBasedConfig' GitSharp.Core.IgnoreHandler' GitSharp.Core.SubmoduleEntry' GitSharp.Core.ObjectDatabase' GitSharp.Core.GitIndex' GitSharp.Core.RefUpdate' GitSharp.Core.Exceptions.CompoundException' GitSharp.Core.Exceptions.InvalidObjectIdException' GitSharp.Core.Exceptions.MissingBundlePrerequisiteException' GitSharp.Core.Exceptions.UnmergedPathException
Cyclic Dependency,GitSharp.Core,GitSharp.Core.RevWalk,The tool detected the smell in this component because this component participates in a cyclic dependency. The participating components in the cycle are: GitSharp.Core.RevWalk' GitSharp.Core,GitSharp.Core.RevWalk.FooterKey' GitSharp.Core.RevWalk.FooterLine' GitSharp.Core.RevWalk.ObjectWalk' GitSharp.Core.RevWalk.PendingGenerator' GitSharp.Core.RevWalk.RevWalk' GitSharp.Core.AbbreviatedObjectId' GitSharp.Core.BlobBasedConfig' GitSharp.Core.IgnoreHandler' GitSharp.Core.SubmoduleEntry' GitSharp.Core.ObjectDatabase' GitSharp.Core.GitIndex' GitSharp.Core.RefUpdate,GitSharp.Core.RevWalk.FooterKey' GitSharp.Core.RevWalk.FooterLine' GitSharp.Core.RevWalk.ObjectWalk' GitSharp.Core.RevWalk.PendingGenerator' GitSharp.Core.RevWalk.RevWalk' GitSharp.Core.AbbreviatedObjectId' GitSharp.Core.BlobBasedConfig' GitSharp.Core.IgnoreHandler' GitSharp.Core.SubmoduleEntry' GitSharp.Core.ObjectDatabase' GitSharp.Core.GitIndex' GitSharp.Core.RefUpdate
Cyclic Dependency,GitSharp.Core,GitSharp.Core.RevWalk,The tool detected the smell in this component because this component participates in a cyclic dependency. The participating components in the cycle are: GitSharp.Core.RevWalk' GitSharp.Core.TreeWalk' GitSharp.Core,GitSharp.Core.RevWalk.FooterKey' GitSharp.Core.RevWalk.FooterLine' GitSharp.Core.RevWalk.ObjectWalk' GitSharp.Core.RevWalk.PendingGenerator' GitSharp.Core.RevWalk.RevWalk' GitSharp.Core.TreeWalk.AbstractTreeIterator' GitSharp.Core.TreeWalk.FileTreeIterator' GitSharp.Core.TreeWalk.TreeWalk' GitSharp.Core.AbbreviatedObjectId' GitSharp.Core.BlobBasedConfig' GitSharp.Core.IgnoreHandler' GitSharp.Core.SubmoduleEntry' GitSharp.Core.ObjectDatabase' GitSharp.Core.GitIndex' GitSharp.Core.RefUpdate,GitSharp.Core.RevWalk.FooterKey' GitSharp.Core.RevWalk.FooterLine' GitSharp.Core.RevWalk.ObjectWalk' GitSharp.Core.RevWalk.PendingGenerator' GitSharp.Core.RevWalk.RevWalk' GitSharp.Core.TreeWalk.AbstractTreeIterator' GitSharp.Core.TreeWalk.FileTreeIterator' GitSharp.Core.TreeWalk.TreeWalk' GitSharp.Core.AbbreviatedObjectId' GitSharp.Core.BlobBasedConfig' GitSharp.Core.IgnoreHandler' GitSharp.Core.SubmoduleEntry' GitSharp.Core.ObjectDatabase' GitSharp.Core.GitIndex' GitSharp.Core.RefUpdate
Cyclic Dependency,GitSharp.Core,GitSharp.Core.RevWalk,The tool detected the smell in this component because this component participates in a cyclic dependency. The participating components in the cycle are: GitSharp.Core.RevWalk' GitSharp.Core.TreeWalk' GitSharp.Core' GitSharp.Core.Exceptions' GitSharp.Core,GitSharp.Core.RevWalk.FooterKey' GitSharp.Core.RevWalk.FooterLine' GitSharp.Core.RevWalk.ObjectWalk' GitSharp.Core.RevWalk.PendingGenerator' GitSharp.Core.RevWalk.RevWalk' GitSharp.Core.TreeWalk.AbstractTreeIterator' GitSharp.Core.TreeWalk.FileTreeIterator' GitSharp.Core.TreeWalk.TreeWalk' GitSharp.Core.AbbreviatedObjectId' GitSharp.Core.BlobBasedConfig' GitSharp.Core.IgnoreHandler' GitSharp.Core.SubmoduleEntry' GitSharp.Core.ObjectDatabase' GitSharp.Core.GitIndex' GitSharp.Core.RefUpdate' GitSharp.Core.Exceptions.CompoundException' GitSharp.Core.Exceptions.InvalidObjectIdException' GitSharp.Core.Exceptions.MissingBundlePrerequisiteException' GitSharp.Core.Exceptions.UnmergedPathException,GitSharp.Core.RevWalk.FooterKey' GitSharp.Core.RevWalk.FooterLine' GitSharp.Core.RevWalk.ObjectWalk' GitSharp.Core.RevWalk.PendingGenerator' GitSharp.Core.RevWalk.RevWalk' GitSharp.Core.TreeWalk.AbstractTreeIterator' GitSharp.Core.TreeWalk.FileTreeIterator' GitSharp.Core.TreeWalk.TreeWalk' GitSharp.Core.AbbreviatedObjectId' GitSharp.Core.BlobBasedConfig' GitSharp.Core.IgnoreHandler' GitSharp.Core.SubmoduleEntry' GitSharp.Core.ObjectDatabase' GitSharp.Core.GitIndex' GitSharp.Core.RefUpdate' GitSharp.Core.Exceptions.CompoundException' GitSharp.Core.Exceptions.InvalidObjectIdException' GitSharp.Core.Exceptions.MissingBundlePrerequisiteException' GitSharp.Core.Exceptions.UnmergedPathException
Cyclic Dependency,GitSharp.Core,GitSharp.Core.Transport,The tool detected the smell in this component because this component participates in a cyclic dependency. The participating components in the cycle are: GitSharp.Core.Transport' GitSharp.Core,GitSharp.Core.Transport.BundleWriter' GitSharp.Core.Transport.FetchProcess' GitSharp.Core.Transport.OpenSshConfig' GitSharp.Core.Transport.WalkFetchConnection' GitSharp.Core.Transport.BasePackFetchConnection' GitSharp.Core.AbbreviatedObjectId' GitSharp.Core.BlobBasedConfig' GitSharp.Core.IgnoreHandler' GitSharp.Core.SubmoduleEntry' GitSharp.Core.ObjectDatabase' GitSharp.Core.GitIndex' GitSharp.Core.RefUpdate,GitSharp.Core.Transport.BundleWriter' GitSharp.Core.Transport.FetchProcess' GitSharp.Core.Transport.OpenSshConfig' GitSharp.Core.Transport.WalkFetchConnection' GitSharp.Core.Transport.BasePackFetchConnection' GitSharp.Core.AbbreviatedObjectId' GitSharp.Core.BlobBasedConfig' GitSharp.Core.IgnoreHandler' GitSharp.Core.SubmoduleEntry' GitSharp.Core.ObjectDatabase' GitSharp.Core.GitIndex' GitSharp.Core.RefUpdate
Cyclic Dependency,GitSharp.Core,GitSharp.Core.TreeWalk.Filter,The tool detected the smell in this component because this component participates in a cyclic dependency. The participating components in the cycle are: GitSharp.Core.TreeWalk.Filter' GitSharp.Core.TreeWalk,GitSharp.Core.TreeWalk.Filter.PathSuffixFilter' GitSharp.Core.TreeWalk.Filter.PathFilterGroup' GitSharp.Core.TreeWalk.AbstractTreeIterator' GitSharp.Core.TreeWalk.FileTreeIterator' GitSharp.Core.TreeWalk.TreeWalk,GitSharp.Core.TreeWalk.Filter.PathSuffixFilter' GitSharp.Core.TreeWalk.Filter.PathFilterGroup' GitSharp.Core.TreeWalk.AbstractTreeIterator' GitSharp.Core.TreeWalk.FileTreeIterator' GitSharp.Core.TreeWalk.TreeWalk
Cyclic Dependency,GitSharp.Core,GitSharp.Core.TreeWalk.Filter,The tool detected the smell in this component because this component participates in a cyclic dependency. The participating components in the cycle are: GitSharp.Core.TreeWalk.Filter' GitSharp.Core.TreeWalk' GitSharp.Core,GitSharp.Core.TreeWalk.Filter.PathSuffixFilter' GitSharp.Core.TreeWalk.Filter.PathFilterGroup' GitSharp.Core.TreeWalk.AbstractTreeIterator' GitSharp.Core.TreeWalk.FileTreeIterator' GitSharp.Core.TreeWalk.TreeWalk' GitSharp.Core.AbbreviatedObjectId' GitSharp.Core.BlobBasedConfig' GitSharp.Core.IgnoreHandler' GitSharp.Core.SubmoduleEntry' GitSharp.Core.ObjectDatabase' GitSharp.Core.GitIndex' GitSharp.Core.RefUpdate,GitSharp.Core.TreeWalk.Filter.PathSuffixFilter' GitSharp.Core.TreeWalk.Filter.PathFilterGroup' GitSharp.Core.TreeWalk.AbstractTreeIterator' GitSharp.Core.TreeWalk.FileTreeIterator' GitSharp.Core.TreeWalk.TreeWalk' GitSharp.Core.AbbreviatedObjectId' GitSharp.Core.BlobBasedConfig' GitSharp.Core.IgnoreHandler' GitSharp.Core.SubmoduleEntry' GitSharp.Core.ObjectDatabase' GitSharp.Core.GitIndex' GitSharp.Core.RefUpdate
Cyclic Dependency,GitSharp.Core,GitSharp.Core.TreeWalk.Filter,The tool detected the smell in this component because this component participates in a cyclic dependency. The participating components in the cycle are: GitSharp.Core.TreeWalk.Filter' GitSharp.Core.RevWalk' GitSharp.Core.TreeWalk' GitSharp.Core,GitSharp.Core.TreeWalk.Filter.PathSuffixFilter' GitSharp.Core.TreeWalk.Filter.PathFilterGroup' GitSharp.Core.RevWalk.FooterKey' GitSharp.Core.RevWalk.FooterLine' GitSharp.Core.RevWalk.ObjectWalk' GitSharp.Core.RevWalk.PendingGenerator' GitSharp.Core.RevWalk.RevWalk' GitSharp.Core.TreeWalk.AbstractTreeIterator' GitSharp.Core.TreeWalk.FileTreeIterator' GitSharp.Core.TreeWalk.TreeWalk' GitSharp.Core.AbbreviatedObjectId' GitSharp.Core.BlobBasedConfig' GitSharp.Core.IgnoreHandler' GitSharp.Core.SubmoduleEntry' GitSharp.Core.ObjectDatabase' GitSharp.Core.GitIndex' GitSharp.Core.RefUpdate,GitSharp.Core.TreeWalk.Filter.PathSuffixFilter' GitSharp.Core.TreeWalk.Filter.PathFilterGroup' GitSharp.Core.RevWalk.FooterKey' GitSharp.Core.RevWalk.FooterLine' GitSharp.Core.RevWalk.ObjectWalk' GitSharp.Core.RevWalk.PendingGenerator' GitSharp.Core.RevWalk.RevWalk' GitSharp.Core.TreeWalk.AbstractTreeIterator' GitSharp.Core.TreeWalk.FileTreeIterator' GitSharp.Core.TreeWalk.TreeWalk' GitSharp.Core.AbbreviatedObjectId' GitSharp.Core.BlobBasedConfig' GitSharp.Core.IgnoreHandler' GitSharp.Core.SubmoduleEntry' GitSharp.Core.ObjectDatabase' GitSharp.Core.GitIndex' GitSharp.Core.RefUpdate
Cyclic Dependency,GitSharp.Core,GitSharp.Core.TreeWalk.Filter,The tool detected the smell in this component because this component participates in a cyclic dependency. The participating components in the cycle are: GitSharp.Core.TreeWalk.Filter' GitSharp.Core.TreeWalk' GitSharp.Core' GitSharp.Core.Exceptions' GitSharp.Core,GitSharp.Core.TreeWalk.Filter.PathSuffixFilter' GitSharp.Core.TreeWalk.Filter.PathFilterGroup' GitSharp.Core.TreeWalk.AbstractTreeIterator' GitSharp.Core.TreeWalk.FileTreeIterator' GitSharp.Core.TreeWalk.TreeWalk' GitSharp.Core.AbbreviatedObjectId' GitSharp.Core.BlobBasedConfig' GitSharp.Core.IgnoreHandler' GitSharp.Core.SubmoduleEntry' GitSharp.Core.ObjectDatabase' GitSharp.Core.GitIndex' GitSharp.Core.RefUpdate' GitSharp.Core.Exceptions.CompoundException' GitSharp.Core.Exceptions.InvalidObjectIdException' GitSharp.Core.Exceptions.MissingBundlePrerequisiteException' GitSharp.Core.Exceptions.UnmergedPathException,GitSharp.Core.TreeWalk.Filter.PathSuffixFilter' GitSharp.Core.TreeWalk.Filter.PathFilterGroup' GitSharp.Core.TreeWalk.AbstractTreeIterator' GitSharp.Core.TreeWalk.FileTreeIterator' GitSharp.Core.TreeWalk.TreeWalk' GitSharp.Core.AbbreviatedObjectId' GitSharp.Core.BlobBasedConfig' GitSharp.Core.IgnoreHandler' GitSharp.Core.SubmoduleEntry' GitSharp.Core.ObjectDatabase' GitSharp.Core.GitIndex' GitSharp.Core.RefUpdate' GitSharp.Core.Exceptions.CompoundException' GitSharp.Core.Exceptions.InvalidObjectIdException' GitSharp.Core.Exceptions.MissingBundlePrerequisiteException' GitSharp.Core.Exceptions.UnmergedPathException
Cyclic Dependency,GitSharp.Core,GitSharp.Core.Util,The tool detected the smell in this component because this component participates in a cyclic dependency. The participating components in the cycle are: GitSharp.Core.Util' GitSharp.Core,GitSharp.Core.Util.FS' GitSharp.Core.Util.StringExtension' GitSharp.Core.AbbreviatedObjectId' GitSharp.Core.BlobBasedConfig' GitSharp.Core.IgnoreHandler' GitSharp.Core.SubmoduleEntry' GitSharp.Core.ObjectDatabase' GitSharp.Core.GitIndex' GitSharp.Core.RefUpdate,GitSharp.Core.Util.FS' GitSharp.Core.Util.StringExtension' GitSharp.Core.AbbreviatedObjectId' GitSharp.Core.BlobBasedConfig' GitSharp.Core.IgnoreHandler' GitSharp.Core.SubmoduleEntry' GitSharp.Core.ObjectDatabase' GitSharp.Core.GitIndex' GitSharp.Core.RefUpdate
Cyclic Dependency,GitSharp.Core,GitSharp.Core.Util,The tool detected the smell in this component because this component participates in a cyclic dependency. The participating components in the cycle are: GitSharp.Core.Util' GitSharp.Core.TreeWalk' GitSharp.Core,GitSharp.Core.Util.FS' GitSharp.Core.Util.StringExtension' GitSharp.Core.TreeWalk.AbstractTreeIterator' GitSharp.Core.TreeWalk.FileTreeIterator' GitSharp.Core.TreeWalk.TreeWalk' GitSharp.Core.AbbreviatedObjectId' GitSharp.Core.BlobBasedConfig' GitSharp.Core.IgnoreHandler' GitSharp.Core.SubmoduleEntry' GitSharp.Core.ObjectDatabase' GitSharp.Core.GitIndex' GitSharp.Core.RefUpdate,GitSharp.Core.Util.FS' GitSharp.Core.Util.StringExtension' GitSharp.Core.TreeWalk.AbstractTreeIterator' GitSharp.Core.TreeWalk.FileTreeIterator' GitSharp.Core.TreeWalk.TreeWalk' GitSharp.Core.AbbreviatedObjectId' GitSharp.Core.BlobBasedConfig' GitSharp.Core.IgnoreHandler' GitSharp.Core.SubmoduleEntry' GitSharp.Core.ObjectDatabase' GitSharp.Core.GitIndex' GitSharp.Core.RefUpdate
Cyclic Dependency,GitSharp.Core,GitSharp.Core.RevWalk.Filter,The tool detected the smell in this component because this component participates in a cyclic dependency. The participating components in the cycle are: GitSharp.Core.RevWalk.Filter' GitSharp.Core.RevWalk,GitSharp.Core.RevWalk.Filter.AndRevFilter' GitSharp.Core.RevWalk.Filter.AuthorRevFilter' GitSharp.Core.RevWalk.Filter.CommitTimeRevFilter' GitSharp.Core.RevWalk.FooterKey' GitSharp.Core.RevWalk.FooterLine' GitSharp.Core.RevWalk.ObjectWalk' GitSharp.Core.RevWalk.PendingGenerator' GitSharp.Core.RevWalk.RevWalk,GitSharp.Core.RevWalk.Filter.AndRevFilter' GitSharp.Core.RevWalk.Filter.AuthorRevFilter' GitSharp.Core.RevWalk.Filter.CommitTimeRevFilter' GitSharp.Core.RevWalk.FooterKey' GitSharp.Core.RevWalk.FooterLine' GitSharp.Core.RevWalk.ObjectWalk' GitSharp.Core.RevWalk.PendingGenerator' GitSharp.Core.RevWalk.RevWalk
Cyclic Dependency,GitSharp.Core,GitSharp.Core.RevWalk.Filter,The tool detected the smell in this component because this component participates in a cyclic dependency. The participating components in the cycle are: GitSharp.Core.RevWalk.Filter' GitSharp.Core.Transport' GitSharp.Core,GitSharp.Core.RevWalk.Filter.AndRevFilter' GitSharp.Core.RevWalk.Filter.AuthorRevFilter' GitSharp.Core.RevWalk.Filter.CommitTimeRevFilter' GitSharp.Core.Transport.BundleWriter' GitSharp.Core.Transport.FetchProcess' GitSharp.Core.Transport.OpenSshConfig' GitSharp.Core.Transport.WalkFetchConnection' GitSharp.Core.Transport.BasePackFetchConnection' GitSharp.Core.AbbreviatedObjectId' GitSharp.Core.BlobBasedConfig' GitSharp.Core.IgnoreHandler' GitSharp.Core.SubmoduleEntry' GitSharp.Core.ObjectDatabase' GitSharp.Core.GitIndex' GitSharp.Core.RefUpdate,GitSharp.Core.RevWalk.Filter.AndRevFilter' GitSharp.Core.RevWalk.Filter.AuthorRevFilter' GitSharp.Core.RevWalk.Filter.CommitTimeRevFilter' GitSharp.Core.Transport.BundleWriter' GitSharp.Core.Transport.FetchProcess' GitSharp.Core.Transport.OpenSshConfig' GitSharp.Core.Transport.WalkFetchConnection' GitSharp.Core.Transport.BasePackFetchConnection' GitSharp.Core.AbbreviatedObjectId' GitSharp.Core.BlobBasedConfig' GitSharp.Core.IgnoreHandler' GitSharp.Core.SubmoduleEntry' GitSharp.Core.ObjectDatabase' GitSharp.Core.GitIndex' GitSharp.Core.RefUpdate
Cyclic Dependency,GitSharp.Core,GitSharp.Core.RevWalk.Filter,The tool detected the smell in this component because this component participates in a cyclic dependency. The participating components in the cycle are: GitSharp.Core.RevWalk.Filter' GitSharp.Core.Transport' GitSharp.Core' GitSharp.Core.RevWalk,GitSharp.Core.RevWalk.Filter.AndRevFilter' GitSharp.Core.RevWalk.Filter.AuthorRevFilter' GitSharp.Core.RevWalk.Filter.CommitTimeRevFilter' GitSharp.Core.Transport.BundleWriter' GitSharp.Core.Transport.FetchProcess' GitSharp.Core.Transport.OpenSshConfig' GitSharp.Core.Transport.WalkFetchConnection' GitSharp.Core.Transport.BasePackFetchConnection' GitSharp.Core.AbbreviatedObjectId' GitSharp.Core.BlobBasedConfig' GitSharp.Core.IgnoreHandler' GitSharp.Core.SubmoduleEntry' GitSharp.Core.ObjectDatabase' GitSharp.Core.GitIndex' GitSharp.Core.RefUpdate' GitSharp.Core.RevWalk.FooterKey' GitSharp.Core.RevWalk.FooterLine' GitSharp.Core.RevWalk.ObjectWalk' GitSharp.Core.RevWalk.PendingGenerator' GitSharp.Core.RevWalk.RevWalk,GitSharp.Core.RevWalk.Filter.AndRevFilter' GitSharp.Core.RevWalk.Filter.AuthorRevFilter' GitSharp.Core.RevWalk.Filter.CommitTimeRevFilter' GitSharp.Core.Transport.BundleWriter' GitSharp.Core.Transport.FetchProcess' GitSharp.Core.Transport.OpenSshConfig' GitSharp.Core.Transport.WalkFetchConnection' GitSharp.Core.Transport.BasePackFetchConnection' GitSharp.Core.AbbreviatedObjectId' GitSharp.Core.BlobBasedConfig' GitSharp.Core.IgnoreHandler' GitSharp.Core.SubmoduleEntry' GitSharp.Core.ObjectDatabase' GitSharp.Core.GitIndex' GitSharp.Core.RefUpdate' GitSharp.Core.RevWalk.FooterKey' GitSharp.Core.RevWalk.FooterLine' GitSharp.Core.RevWalk.ObjectWalk' GitSharp.Core.RevWalk.PendingGenerator' GitSharp.Core.RevWalk.RevWalk
Cyclic Dependency,GitSharp.Core,GitSharp.Core.RevWalk.Filter,The tool detected the smell in this component because this component participates in a cyclic dependency. The participating components in the cycle are: GitSharp.Core.RevWalk.Filter' GitSharp.Core.Transport' GitSharp.Core.Exceptions' GitSharp.Core' GitSharp.Core.RevWalk,GitSharp.Core.RevWalk.Filter.AndRevFilter' GitSharp.Core.RevWalk.Filter.AuthorRevFilter' GitSharp.Core.RevWalk.Filter.CommitTimeRevFilter' GitSharp.Core.Transport.BundleWriter' GitSharp.Core.Transport.FetchProcess' GitSharp.Core.Transport.OpenSshConfig' GitSharp.Core.Transport.WalkFetchConnection' GitSharp.Core.Transport.BasePackFetchConnection' GitSharp.Core.Exceptions.CompoundException' GitSharp.Core.Exceptions.InvalidObjectIdException' GitSharp.Core.Exceptions.MissingBundlePrerequisiteException' GitSharp.Core.Exceptions.UnmergedPathException' GitSharp.Core.AbbreviatedObjectId' GitSharp.Core.BlobBasedConfig' GitSharp.Core.IgnoreHandler' GitSharp.Core.SubmoduleEntry' GitSharp.Core.ObjectDatabase' GitSharp.Core.GitIndex' GitSharp.Core.RefUpdate' GitSharp.Core.RevWalk.FooterKey' GitSharp.Core.RevWalk.FooterLine' GitSharp.Core.RevWalk.ObjectWalk' GitSharp.Core.RevWalk.PendingGenerator' GitSharp.Core.RevWalk.RevWalk,GitSharp.Core.RevWalk.Filter.AndRevFilter' GitSharp.Core.RevWalk.Filter.AuthorRevFilter' GitSharp.Core.RevWalk.Filter.CommitTimeRevFilter' GitSharp.Core.Transport.BundleWriter' GitSharp.Core.Transport.FetchProcess' GitSharp.Core.Transport.OpenSshConfig' GitSharp.Core.Transport.WalkFetchConnection' GitSharp.Core.Transport.BasePackFetchConnection' GitSharp.Core.Exceptions.CompoundException' GitSharp.Core.Exceptions.InvalidObjectIdException' GitSharp.Core.Exceptions.MissingBundlePrerequisiteException' GitSharp.Core.Exceptions.UnmergedPathException' GitSharp.Core.AbbreviatedObjectId' GitSharp.Core.BlobBasedConfig' GitSharp.Core.IgnoreHandler' GitSharp.Core.SubmoduleEntry' GitSharp.Core.ObjectDatabase' GitSharp.Core.GitIndex' GitSharp.Core.RefUpdate' GitSharp.Core.RevWalk.FooterKey' GitSharp.Core.RevWalk.FooterLine' GitSharp.Core.RevWalk.ObjectWalk' GitSharp.Core.RevWalk.PendingGenerator' GitSharp.Core.RevWalk.RevWalk
Cyclic Dependency,GitSharp.Core,GitSharp.Core.TreeWalk,The tool detected the smell in this component because this component participates in a cyclic dependency. The participating components in the cycle are: GitSharp.Core.TreeWalk' GitSharp.Core,GitSharp.Core.TreeWalk.AbstractTreeIterator' GitSharp.Core.TreeWalk.FileTreeIterator' GitSharp.Core.TreeWalk.TreeWalk' GitSharp.Core.AbbreviatedObjectId' GitSharp.Core.BlobBasedConfig' GitSharp.Core.IgnoreHandler' GitSharp.Core.SubmoduleEntry' GitSharp.Core.ObjectDatabase' GitSharp.Core.GitIndex' GitSharp.Core.RefUpdate,GitSharp.Core.TreeWalk.AbstractTreeIterator' GitSharp.Core.TreeWalk.FileTreeIterator' GitSharp.Core.TreeWalk.TreeWalk' GitSharp.Core.AbbreviatedObjectId' GitSharp.Core.BlobBasedConfig' GitSharp.Core.IgnoreHandler' GitSharp.Core.SubmoduleEntry' GitSharp.Core.ObjectDatabase' GitSharp.Core.GitIndex' GitSharp.Core.RefUpdate
Cyclic Dependency,GitSharp.Core,GitSharp.Core.TreeWalk,The tool detected the smell in this component because this component participates in a cyclic dependency. The participating components in the cycle are: GitSharp.Core.TreeWalk' GitSharp.Core.Transport' GitSharp.Core,GitSharp.Core.TreeWalk.AbstractTreeIterator' GitSharp.Core.TreeWalk.FileTreeIterator' GitSharp.Core.TreeWalk.TreeWalk' GitSharp.Core.Transport.BundleWriter' GitSharp.Core.Transport.FetchProcess' GitSharp.Core.Transport.OpenSshConfig' GitSharp.Core.Transport.WalkFetchConnection' GitSharp.Core.Transport.BasePackFetchConnection' GitSharp.Core.AbbreviatedObjectId' GitSharp.Core.BlobBasedConfig' GitSharp.Core.IgnoreHandler' GitSharp.Core.SubmoduleEntry' GitSharp.Core.ObjectDatabase' GitSharp.Core.GitIndex' GitSharp.Core.RefUpdate,GitSharp.Core.TreeWalk.AbstractTreeIterator' GitSharp.Core.TreeWalk.FileTreeIterator' GitSharp.Core.TreeWalk.TreeWalk' GitSharp.Core.Transport.BundleWriter' GitSharp.Core.Transport.FetchProcess' GitSharp.Core.Transport.OpenSshConfig' GitSharp.Core.Transport.WalkFetchConnection' GitSharp.Core.Transport.BasePackFetchConnection' GitSharp.Core.AbbreviatedObjectId' GitSharp.Core.BlobBasedConfig' GitSharp.Core.IgnoreHandler' GitSharp.Core.SubmoduleEntry' GitSharp.Core.ObjectDatabase' GitSharp.Core.GitIndex' GitSharp.Core.RefUpdate
Cyclic Dependency,GitSharp.Core,GitSharp.Core.TreeWalk,The tool detected the smell in this component because this component participates in a cyclic dependency. The participating components in the cycle are: GitSharp.Core.TreeWalk' GitSharp.Core.Transport' GitSharp.Core' GitSharp.Core.Exceptions' GitSharp.Core,GitSharp.Core.TreeWalk.AbstractTreeIterator' GitSharp.Core.TreeWalk.FileTreeIterator' GitSharp.Core.TreeWalk.TreeWalk' GitSharp.Core.Transport.BundleWriter' GitSharp.Core.Transport.FetchProcess' GitSharp.Core.Transport.OpenSshConfig' GitSharp.Core.Transport.WalkFetchConnection' GitSharp.Core.Transport.BasePackFetchConnection' GitSharp.Core.AbbreviatedObjectId' GitSharp.Core.BlobBasedConfig' GitSharp.Core.IgnoreHandler' GitSharp.Core.SubmoduleEntry' GitSharp.Core.ObjectDatabase' GitSharp.Core.GitIndex' GitSharp.Core.RefUpdate' GitSharp.Core.Exceptions.CompoundException' GitSharp.Core.Exceptions.InvalidObjectIdException' GitSharp.Core.Exceptions.MissingBundlePrerequisiteException' GitSharp.Core.Exceptions.UnmergedPathException,GitSharp.Core.TreeWalk.AbstractTreeIterator' GitSharp.Core.TreeWalk.FileTreeIterator' GitSharp.Core.TreeWalk.TreeWalk' GitSharp.Core.Transport.BundleWriter' GitSharp.Core.Transport.FetchProcess' GitSharp.Core.Transport.OpenSshConfig' GitSharp.Core.Transport.WalkFetchConnection' GitSharp.Core.Transport.BasePackFetchConnection' GitSharp.Core.AbbreviatedObjectId' GitSharp.Core.BlobBasedConfig' GitSharp.Core.IgnoreHandler' GitSharp.Core.SubmoduleEntry' GitSharp.Core.ObjectDatabase' GitSharp.Core.GitIndex' GitSharp.Core.RefUpdate' GitSharp.Core.Exceptions.CompoundException' GitSharp.Core.Exceptions.InvalidObjectIdException' GitSharp.Core.Exceptions.MissingBundlePrerequisiteException' GitSharp.Core.Exceptions.UnmergedPathException
Unstable Dependency,GitSharp.Core,GitSharp.Core,The tool detected the smell in this component because this component depends on other components that are less stable than itself. This component depends on following less stable component(s): GitSharp.Core.TreeWalk' GitSharp.Core.FnMatch' GitSharp.Core.Transport' MiscUtil.IO' GitSharp.Core.RevWalk,GitSharp.Core.TreeWalk' GitSharp.Core.FileNameMatcher' GitSharp.Core.URIish' GitSharp.Core.IndexPack' GitSharp.Core.EndianBinaryReader' GitSharp.Core.EndianBinaryWriter' GitSharp.Core.PackedObjectInfo' GitSharp.Core.RevCommit' GitSharp.Core.RevObject' GitSharp.Core.RevWalk' GitSharp.Core.ObjectWalk' GitSharp.Core.RevFlag' GitSharp.Core.RevSort' GitSharp.Core.Strategy' GitSharp.Core.RevTag,GitSharp.Core.TreeWalk' GitSharp.Core.FileNameMatcher' GitSharp.Core.URIish' GitSharp.Core.IndexPack' GitSharp.Core.EndianBinaryReader' GitSharp.Core.EndianBinaryWriter' GitSharp.Core.PackedObjectInfo' GitSharp.Core.RevCommit' GitSharp.Core.RevObject' GitSharp.Core.RevWalk' GitSharp.Core.ObjectWalk' GitSharp.Core.RevFlag' GitSharp.Core.RevSort' GitSharp.Core.Strategy' GitSharp.Core.RevTag
Unstable Dependency,GitSharp.Core,GitSharp.Core.Diff,The tool detected the smell in this component because this component depends on other components that are less stable than itself. This component depends on following less stable component(s): GitSharp.Core.Patch,GitSharp.Core.Diff.FileHeader,GitSharp.Core.Diff.FileHeader
Unstable Dependency,GitSharp.Core,GitSharp.Core.Exceptions,The tool detected the smell in this component because this component depends on other components that are less stable than itself. This component depends on following less stable component(s): GitSharp.Core' GitSharp.Core.Transport' GitSharp.Core.DirectoryCache,GitSharp.Core.Exceptions.GitException' GitSharp.Core.Exceptions.AnyObjectId' GitSharp.Core.Exceptions.ObjectId' GitSharp.Core.Exceptions.ObjectType' GitSharp.Core.Exceptions.Constants' GitSharp.Core.Exceptions.URIish' GitSharp.Core.Exceptions.DirCacheEntry,GitSharp.Core.Exceptions.GitException' GitSharp.Core.Exceptions.AnyObjectId' GitSharp.Core.Exceptions.ObjectId' GitSharp.Core.Exceptions.ObjectType' GitSharp.Core.Exceptions.Constants' GitSharp.Core.Exceptions.URIish' GitSharp.Core.Exceptions.DirCacheEntry
Unstable Dependency,GitSharp.Core,GitSharp.Core.RevWalk,The tool detected the smell in this component because this component depends on other components that are less stable than itself. This component depends on following less stable component(s): GitSharp.Core.TreeWalk' GitSharp.Core.RevWalk.Filter,GitSharp.Core.RevWalk.CanonicalTreeParser' GitSharp.Core.RevWalk.RevFilter' GitSharp.Core.RevWalk.AndRevFilter' GitSharp.Core.RevWalk.OrRevFilter' GitSharp.Core.RevWalk.TreeWalk,GitSharp.Core.RevWalk.CanonicalTreeParser' GitSharp.Core.RevWalk.RevFilter' GitSharp.Core.RevWalk.AndRevFilter' GitSharp.Core.RevWalk.OrRevFilter' GitSharp.Core.RevWalk.TreeWalk
Unstable Dependency,GitSharp.Core,GitSharp.Core.TreeWalk.Filter,The tool detected the smell in this component because this component depends on other components that are less stable than itself. This component depends on following less stable component(s): GitSharp.Core.TreeWalk,GitSharp.Core.TreeWalk.Filter.TreeWalk,GitSharp.Core.TreeWalk.Filter.TreeWalk
Unstable Dependency,GitSharp.Core,GitSharp.Core.Util,The tool detected the smell in this component because this component depends on other components that are less stable than itself. This component depends on following less stable component(s): GitSharp.Core,GitSharp.Core.Util.PlatformType' GitSharp.Core.Util.SystemReader' GitSharp.Core.Util.ObjectId' GitSharp.Core.Util.Repository' GitSharp.Core.Util.UnpackedObjectLoader' GitSharp.Core.Util.Constants' GitSharp.Core.Util.ObjectChecker' GitSharp.Core.Util.PersonIdent' GitSharp.Core.Util.NullProgressMonitor' GitSharp.Core.Util.ProgressMonitor' GitSharp.Core.Util.Ref' GitSharp.Core.Util.RefComparator' GitSharp.Core.Util.AnyObjectId,GitSharp.Core.Util.PlatformType' GitSharp.Core.Util.SystemReader' GitSharp.Core.Util.ObjectId' GitSharp.Core.Util.Repository' GitSharp.Core.Util.UnpackedObjectLoader' GitSharp.Core.Util.Constants' GitSharp.Core.Util.ObjectChecker' GitSharp.Core.Util.PersonIdent' GitSharp.Core.Util.NullProgressMonitor' GitSharp.Core.Util.ProgressMonitor' GitSharp.Core.Util.Ref' GitSharp.Core.Util.RefComparator' GitSharp.Core.Util.AnyObjectId
God Component,GitSharp.Core,GitSharp.Core,The tool detected the smell in this component because the component contains high number of classes. Number of classes in the component are: 173,GitSharp.Core.CompleteAttribute' GitSharp.Core.UpdateMethod' GitSharp.Core.PlatformType' GitSharp.Core.ConfigFileType' GitSharp.Core.Lock' GitSharp.Core.ObjectLoader' GitSharp.Core.ObjectType' GitSharp.Core.LockTarget' GitSharp.Core.Ref' GitSharp.Core.RefUpdateResult' GitSharp.Core.Treeish' GitSharp.Core.Order' GitSharp.Core.GitPlatformID' GitSharp.Core.PlatformId' GitSharp.Core.NTVersion' GitSharp.Core.SuiteVersion' GitSharp.Core.ProductType' GitSharp.Core.ProcessorArchitecture' GitSharp.Core.SystemMetrics' GitSharp.Core.SecurityAttributes' GitSharp.Core.Win32ProductInfo' GitSharp.Core.Win32SystemInfo' GitSharp.Core.Win32VersionInfo' GitSharp.Core.ParsedLine' GitSharp.Core.IPattern' GitSharp.Core.Ensure' GitSharp.Core.SubmoduleEntry' GitSharp.Core.LongWrapper' GitSharp.Core.Key' GitSharp.Core.Slot' GitSharp.Core.BinaryDelta' GitSharp.Core.ByteVectorComparer' GitSharp.Core.Storage' GitSharp.Core.Store' GitSharp.Core.State' GitSharp.Core.RepositoryState' GitSharp.Core.WindowRef' GitSharp.Core.Unpeeled' GitSharp.Core.PeeledTag' GitSharp.Core.PeeledNonTag' GitSharp.Core.PackedRefList' GitSharp.Core.ByteArrayExtensions' GitSharp.Core.FnMatchPattern' GitSharp.Core.NegatedPattern' GitSharp.Core.RepositoryListener' GitSharp.Core.DeltaOfsPackedObjectLoader' GitSharp.Core.DeltaRefPackedObjectLoader' GitSharp.Core.TransferConfig' GitSharp.Core.AnyObjectIdEqualityComparer<T>' GitSharp.Core.Entry<T>' GitSharp.Core.UpdateStore' GitSharp.Core.DeleteStore' GitSharp.Core.WholePackedObjectLoader' GitSharp.Core.WindowCacheConfig' GitSharp.Core.RepositoryChangedEventArgs' GitSharp.Core.RefsChangedEventArgs' GitSharp.Core.IndexChangedEventArgs' GitSharp.Core.ObjectIdSubclassMap<TObject>' GitSharp.Core.ObjectIdRef' GitSharp.Core.PackedRefsWriter' GitSharp.Core.LooseRef' GitSharp.Core.SymbolicRef' GitSharp.Core.BlobBasedConfig' GitSharp.Core.DeltaPackedObjectLoader' GitSharp.Core.GitLinkTreeEntry' GitSharp.Core.Codec' GitSharp.Core.IndexV1Enumerator' GitSharp.Core.EntriesEnumeratorV2' GitSharp.Core.PackIndexWriterV1' GitSharp.Core.PackReverseIndex' GitSharp.Core.ConfigReader' GitSharp.Core.SymlinkTreeEntry' GitSharp.Core.PackLock' GitSharp.Core.LoosePeeledTag' GitSharp.Core.LooseNonTag' GitSharp.Core.LooseUnpeeled' GitSharp.Core.LooseSymbolicRef' GitSharp.Core.ByteArrayWindow' GitSharp.Core.ConsoleUserInfoProvider' GitSharp.Core.SubmoduleConfig' GitSharp.Core.PackList' GitSharp.Core.ReflogReader' GitSharp.Core.SectionParser' GitSharp.Core.AbstractIndexTreeVisitor' GitSharp.Core.GitException' GitSharp.Core.Header' GitSharp.Core.IndexTreeVisitor' GitSharp.Core.FileLock' GitSharp.Core.NullProgressMonitor' GitSharp.Core.Ref<T>' GitSharp.Core.ProgressMonitor' GitSharp.Core.SubsectionNames' GitSharp.Core.RefComparator' GitSharp.Core.CachedObjectDirectory' GitSharp.Core.Mac' GitSharp.Core.Platform' GitSharp.Core.LooseScanner' GitSharp.Core.ByteBufferWindow' GitSharp.Core.CoreConfig' GitSharp.Core.FileTreeEntry' GitSharp.Core.ForceModified' GitSharp.Core.IndexDiff' GitSharp.Core.InflaterCache' GitSharp.Core.MutableEntry' GitSharp.Core.PackIndexV1' GitSharp.Core.Tag' GitSharp.Core.TreeVisitor' GitSharp.Core.UnpackedObjectLoader' GitSharp.Core.WriteTree' GitSharp.Core.RefDirectoryRename' GitSharp.Core.FileBasedConfig' GitSharp.Core.UserInfoProvider' GitSharp.Core.PackedObjectLoader' GitSharp.Core.PackIndexV2' GitSharp.Core.PackIndexWriterV2' GitSharp.Core.CheckedOutputStream' GitSharp.Core.ObjectToPack' GitSharp.Core.RefWriter' GitSharp.Core.Commit' GitSharp.Core.Constants' GitSharp.Core.FileMode' GitSharp.Core.TreeVisitorWithCurrentDirectory' GitSharp.Core.WindowCursor' GitSharp.Core.IgnoreHandler' GitSharp.Core.UserConfig' GitSharp.Core.PackIndexWriter' GitSharp.Core.RefExtensions' GitSharp.Core.TextProgressMonitor' GitSharp.Core.TreeIterator' GitSharp.Core.ByteWindow' GitSharp.Core.InternalSystemReader' GitSharp.Core.RepositoryConfig' GitSharp.Core.LockFileOutputStream' GitSharp.Core.PackIndex' GitSharp.Core.EntriesIterator' GitSharp.Core.RefDatabase' GitSharp.Core.PackOutputStream' GitSharp.Core.CachedObjectDatabase' GitSharp.Core.RefDirectoryUpdate' GitSharp.Core.RefRename' GitSharp.Core.UnpackedObjectCache' GitSharp.Core.ObjectChecker' GitSharp.Core.SystemReader' GitSharp.Core.RepositoryCache,GitSharp.Core.AbbreviatedObjectId' GitSharp.Core.AlternateRepositoryDatabase' GitSharp.Core.BlobBasedConfig' GitSharp.Core.ByteArrayExtensions' GitSharp.Core.ParsedLine' GitSharp.Core.ByteArrayWindow' GitSharp.Core.ByteBufferWindow' GitSharp.Core.ByteWindow' GitSharp.Core.ConsoleUserInfoProvider' GitSharp.Core.IPattern' GitSharp.Core.IgnoreHandler' GitSharp.Core.FnMatchPattern' GitSharp.Core.NegatedPattern' GitSharp.Core.RepositoryListener' GitSharp.Core.CompleteAttribute' GitSharp.Core.DeltaOfsPackedObjectLoader' GitSharp.Core.DeltaPackedObjectLoader' GitSharp.Core.DeltaRefPackedObjectLoader' GitSharp.Core.Ensure' GitSharp.Core.FileBasedConfig' GitSharp.Core.GitLinkTreeEntry' GitSharp.Core.SubmoduleEntry' GitSharp.Core.UpdateMethod' GitSharp.Core.SubmoduleConfig' GitSharp.Core.PlatformType' GitSharp.Core.ConfigFileType' GitSharp.Core.SystemReader' GitSharp.Core.InternalSystemReader' GitSharp.Core.ObjectDatabase' GitSharp.Core.ObjectDirectory' GitSharp.Core.PackList' GitSharp.Core.LongWrapper' GitSharp.Core.ReflogReader' GitSharp.Core.Entry' GitSharp.Core.RefRename' GitSharp.Core.RepositoryCache' GitSharp.Core.Lock' GitSharp.Core.Key' GitSharp.Core.FileKey' GitSharp.Core.RepositoryConfig' GitSharp.Core.TransferConfig' GitSharp.Core.SectionParser' GitSharp.Core.UnpackedObjectCache' GitSharp.Core.Slot' GitSharp.Core.UserConfig' GitSharp.Core.UserInfoProvider' GitSharp.Core.Extensions' GitSharp.Core.AbstractIndexTreeVisitor' GitSharp.Core.AnyObjectId' GitSharp.Core.AnyObjectIdEqualityComparer<T>' GitSharp.Core.BinaryDelta' GitSharp.Core.Codec' GitSharp.Core.Commit' GitSharp.Core.Constants' GitSharp.Core.CoreConfig' GitSharp.Core.FileMode' GitSharp.Core.FileTreeEntry' GitSharp.Core.ForceModified' GitSharp.Core.GitException' GitSharp.Core.GitIndex' GitSharp.Core.ByteVectorComparer' GitSharp.Core.Header' GitSharp.Core.IndexDiff' GitSharp.Core.IndexTreeVisitor' GitSharp.Core.IndexTreeWalker' GitSharp.Core.InflaterCache' GitSharp.Core.LockFile' GitSharp.Core.LockFileOutputStream' GitSharp.Core.FileLock' GitSharp.Core.MutableObjectId' GitSharp.Core.NullProgressMonitor' GitSharp.Core.ObjectChecker' GitSharp.Core.ObjectId' GitSharp.Core.ObjectLoader' GitSharp.Core.ObjectType' GitSharp.Core.ObjectWriter' GitSharp.Core.OffsetCache<V'R>' GitSharp.Core.Entry<T>' GitSharp.Core.Ref<T>' GitSharp.Core.LockTarget' GitSharp.Core.PackedObjectLoader' GitSharp.Core.PackFile' GitSharp.Core.PackIndex' GitSharp.Core.MutableEntry' GitSharp.Core.EntriesIterator' GitSharp.Core.PackIndexV1' GitSharp.Core.IndexV1Enumerator' GitSharp.Core.PackIndexV2' GitSharp.Core.EntriesEnumeratorV2' GitSharp.Core.PackIndexWriter' GitSharp.Core.PackIndexWriterV1' GitSharp.Core.PackIndexWriterV2' GitSharp.Core.PackReverseIndex' GitSharp.Core.PersonIdent' GitSharp.Core.ProgressMonitor' GitSharp.Core.RefExtensions' GitSharp.Core.Ref' GitSharp.Core.Storage' GitSharp.Core.RefDatabase' GitSharp.Core.RefUpdateExtensions' GitSharp.Core.RefUpdate' GitSharp.Core.RefUpdateResult' GitSharp.Core.Store' GitSharp.Core.UpdateStore' GitSharp.Core.DeleteStore' GitSharp.Core.Repository' GitSharp.Core.Config' GitSharp.Core.ConfigReader' GitSharp.Core.State' GitSharp.Core.SubsectionNames' GitSharp.Core.RepositoryState' GitSharp.Core.SymlinkTreeEntry' GitSharp.Core.Tag' GitSharp.Core.TextProgressMonitor' GitSharp.Core.Tree' GitSharp.Core.TreeEntry' GitSharp.Core.Treeish' GitSharp.Core.TreeIterator' GitSharp.Core.Order' GitSharp.Core.TreeVisitor' GitSharp.Core.TreeVisitorWithCurrentDirectory' GitSharp.Core.UnpackedObjectLoader' GitSharp.Core.CheckedOutputStream' GitSharp.Core.WholePackedObjectLoader' GitSharp.Core.WindowCache' GitSharp.Core.WindowRef' GitSharp.Core.WindowCacheConfig' GitSharp.Core.WindowCursor' GitSharp.Core.WorkDirCheckout' GitSharp.Core.WriteTree' GitSharp.Core.RepositoryChangedEventArgs' GitSharp.Core.RefsChangedEventArgs' GitSharp.Core.IndexChangedEventArgs' GitSharp.Core.ObjectIdSubclassMap<TObject>' GitSharp.Core.PackLock' GitSharp.Core.PackWriter' GitSharp.Core.ObjectToPack' GitSharp.Core.RefComparator' GitSharp.Core.RefWriter' GitSharp.Core.PackOutputStream' GitSharp.Core.CachedObjectDirectory' GitSharp.Core.CachedObjectDatabase' GitSharp.Core.Unpeeled' GitSharp.Core.PeeledTag' GitSharp.Core.PeeledNonTag' GitSharp.Core.ObjectIdRef' GitSharp.Core.Linux' GitSharp.Core.Mac' GitSharp.Core.Platform' GitSharp.Core.GitPlatformID' GitSharp.Core.PlatformId' GitSharp.Core.Win32' GitSharp.Core.NTVersion' GitSharp.Core.SuiteVersion' GitSharp.Core.ProductType' GitSharp.Core.ProcessorArchitecture' GitSharp.Core.SystemMetrics' GitSharp.Core.SecurityAttributes' GitSharp.Core.Win32ProductInfo' GitSharp.Core.Win32SystemInfo' GitSharp.Core.Win32VersionInfo' GitSharp.Core.RefDirectory' GitSharp.Core.LooseScanner' GitSharp.Core.PackedRefsWriter' GitSharp.Core.PackedRefList' GitSharp.Core.LooseRef' GitSharp.Core.LoosePeeledTag' GitSharp.Core.LooseNonTag' GitSharp.Core.LooseUnpeeled' GitSharp.Core.LooseSymbolicRef' GitSharp.Core.RefDirectoryRename' GitSharp.Core.RefDirectoryUpdate' GitSharp.Core.SymbolicRef
God Component,GitSharp.Core,GitSharp.Core.RevWalk,The tool detected the smell in this component because the component contains high number of classes. Number of classes in the component are: 41,GitSharp.Core.RevWalk.Entry' GitSharp.Core.RevWalk.GeneratorOutputType' GitSharp.Core.RevWalk.RevSort' GitSharp.Core.RevWalk.Strategy' GitSharp.Core.RevWalk.RevWalkState' GitSharp.Core.RevWalk.EndGenerator' GitSharp.Core.RevWalk.RevBlob' GitSharp.Core.RevWalk.StaticRevFlag' GitSharp.Core.RevWalk.RevTree' GitSharp.Core.RevWalk.FooterKey' GitSharp.Core.RevWalk.DelayRevQueue' GitSharp.Core.RevWalk.FixUninterestingGenerator,GitSharp.Core.RevWalk.FooterKey' GitSharp.Core.RevWalk.FooterLine' GitSharp.Core.RevWalk.AbstractRevQueue' GitSharp.Core.RevWalk.AlwaysEmptyQueue' GitSharp.Core.RevWalk.BlockObjQueue' GitSharp.Core.RevWalk.BlockFreeList' GitSharp.Core.RevWalk.Block' GitSharp.Core.RevWalk.BlockRevQueue' GitSharp.Core.RevWalk.BoundaryGenerator' GitSharp.Core.RevWalk.InitialGenerator' GitSharp.Core.RevWalk.DateRevQueue' GitSharp.Core.RevWalk.Entry' GitSharp.Core.RevWalk.DelayRevQueue' GitSharp.Core.RevWalk.EndGenerator' GitSharp.Core.RevWalk.FIFORevQueue' GitSharp.Core.RevWalk.FixUninterestingGenerator' GitSharp.Core.RevWalk.Generator' GitSharp.Core.RevWalk.GeneratorOutputType' GitSharp.Core.RevWalk.LIFORevQueue' GitSharp.Core.RevWalk.MergeBaseGenerator' GitSharp.Core.RevWalk.ObjectWalk' GitSharp.Core.RevWalk.PendingGenerator' GitSharp.Core.RevWalk.RevBlob' GitSharp.Core.RevWalk.RevCommit' GitSharp.Core.RevWalk.RevCommitList<T>' GitSharp.Core.RevWalk.RevFlag' GitSharp.Core.RevWalk.StaticRevFlag' GitSharp.Core.RevWalk.RevFlagSet' GitSharp.Core.RevWalk.RevObject' GitSharp.Core.RevWalk.RevObjectList<T>' GitSharp.Core.RevWalk.RevSort' GitSharp.Core.RevWalk.Strategy' GitSharp.Core.RevWalk.RevTag' GitSharp.Core.RevWalk.RevTree' GitSharp.Core.RevWalk.RevWalk' GitSharp.Core.RevWalk.RevWalkState' GitSharp.Core.RevWalk.Iterator<T>' GitSharp.Core.RevWalk.RewriteGenerator' GitSharp.Core.RevWalk.RewriteTreeFilter' GitSharp.Core.RevWalk.StartGenerator' GitSharp.Core.RevWalk.TopoSortGenerator
God Component,GitSharp.Core,GitSharp.Core.Transport,The tool detected the smell in this component because the component contains high number of classes. Number of classes in the component are: 101,GitSharp.Core.Transport.MultiAck' GitSharp.Core.Transport.PreReceiveHook' GitSharp.Core.Transport.IPackTransport' GitSharp.Core.Transport.AckNackResult' GitSharp.Core.Transport.PostReceiveHook' GitSharp.Core.Transport.Type' GitSharp.Core.Transport.Result' GitSharp.Core.Transport.UpdateStatus' GitSharp.Core.Transport.Operation' GitSharp.Core.Transport.ITransportBundle' GitSharp.Core.Transport.TransportBundleConstants' GitSharp.Core.Transport.IWalkTransport' GitSharp.Core.Transport.RefFilterContants' GitSharp.Core.Transport.DefaultSshSessionFactory' GitSharp.Core.Transport.JSchExtensions' GitSharp.Core.Transport.FetchConfig' GitSharp.Core.Transport.FetchConfigSectionParser' GitSharp.Core.Transport.FetchResult' GitSharp.Core.Transport.HttpTransport' GitSharp.Core.Transport.UnresolvedDelta' GitSharp.Core.Transport.NULLPreReceiveHook' GitSharp.Core.Transport.IPreReceiveHook' GitSharp.Core.Transport.IPushConnection' GitSharp.Core.Transport.NULLReceiveHook' GitSharp.Core.Transport.IPostReceiveHook' GitSharp.Core.Transport.ReceiveConfig' GitSharp.Core.Transport.SectionParser' GitSharp.Core.Transport.Reporter' GitSharp.Core.Transport.TcpTransport' GitSharp.Core.Transport.DefaultRefFilter' GitSharp.Core.Transport.RefFilter' GitSharp.Core.Transport.TcpFetchConnection' GitSharp.Core.Transport.TcpPushConnection' GitSharp.Core.Transport.SshFetchConnection' GitSharp.Core.Transport.SshPushConnection' GitSharp.Core.Transport.PushRefWriter' GitSharp.Core.Transport.PackedObjectInfo' GitSharp.Core.Transport.UploadPackService' GitSharp.Core.Transport.ReceivePackService' GitSharp.Core.Transport.DaemonClient' GitSharp.Core.Transport.FetchHeadRecord' GitSharp.Core.Transport.IFetchConnection' GitSharp.Core.Transport.IConnection' GitSharp.Core.Transport.PushResult' GitSharp.Core.Transport.ServiceReporter' GitSharp.Core.Transport.MessagesReporter' GitSharp.Core.Transport.TagOpt' GitSharp.Core.Transport.PacketLineOutRefAdvertiser' GitSharp.Core.Transport.SshTransport' GitSharp.Core.Transport.SshSessionFactory' GitSharp.Core.Transport.GitSshErrorStream' GitSharp.Core.Transport.RemotePack' GitSharp.Core.Transport.BaseFetchConnection' GitSharp.Core.Transport.NegotiateBeginRevFilter' GitSharp.Core.Transport.DeltaChain' GitSharp.Core.Transport.LongMap<V>' GitSharp.Core.Transport.TransportBundleStream' GitSharp.Core.Transport.NoEncryption' GitSharp.Core.Transport.DaemonService' GitSharp.Core.Transport.OperationResult' GitSharp.Core.Transport.RemoteRefUpdate' GitSharp.Core.Transport.TrackingRefUpdate' GitSharp.Core.Transport.TransportAmazonS3' GitSharp.Core.Transport.TransportHttp' GitSharp.Core.Transport.TransportLocal' GitSharp.Core.Transport.TransportSftp' GitSharp.Core.Transport.BaseConnection' GitSharp.Core.Transport.PacketLineIn' GitSharp.Core.Transport.TransportBundleFile' GitSharp.Core.Transport.BundleWriter' GitSharp.Core.Transport.WalkEncryption' GitSharp.Core.Transport.PushProcess,GitSharp.Core.Transport.BundleWriter' GitSharp.Core.Transport.LongMap<V>' GitSharp.Core.Transport.DefaultSshSessionFactory' GitSharp.Core.Transport.FetchProcess' GitSharp.Core.Transport.OpenSshConfig' GitSharp.Core.Transport.Host' GitSharp.Core.Transport.PushProcess' GitSharp.Core.Transport.RefAdvertiser' GitSharp.Core.Transport.PacketLineOutRefAdvertiser' GitSharp.Core.Transport.SideBandProgressMonitor' GitSharp.Core.Transport.SshTransport' GitSharp.Core.Transport.SshConfigSessionFactory' GitSharp.Core.Transport.JSchExtensions' GitSharp.Core.Transport.SshSessionFactory' GitSharp.Core.Transport.TransportAmazonS3' GitSharp.Core.Transport.TransportBundleStream' GitSharp.Core.Transport.TransportGitAnon' GitSharp.Core.Transport.TcpFetchConnection' GitSharp.Core.Transport.TcpPushConnection' GitSharp.Core.Transport.TransportGitSsh' GitSharp.Core.Transport.GitSshErrorStream' GitSharp.Core.Transport.SshFetchConnection' GitSharp.Core.Transport.SshPushConnection' GitSharp.Core.Transport.TransportHttp' GitSharp.Core.Transport.HttpObjectDatabase' GitSharp.Core.Transport.TransportLocal' GitSharp.Core.Transport.TransportSftp' GitSharp.Core.Transport.SftpObjectDatabase' GitSharp.Core.Transport.WalkEncryption' GitSharp.Core.Transport.NoEncryption' GitSharp.Core.Transport.WalkFetchConnection' GitSharp.Core.Transport.RemotePack' GitSharp.Core.Transport.WalkPushConnection' GitSharp.Core.Transport.PushRefWriter' GitSharp.Core.Transport.WalkRemoteObjectDatabase' GitSharp.Core.Transport.PackedObjectInfo' GitSharp.Core.Transport.BaseConnection' GitSharp.Core.Transport.BaseFetchConnection' GitSharp.Core.Transport.BasePackConnection' GitSharp.Core.Transport.BasePackFetchConnection' GitSharp.Core.Transport.MultiAck' GitSharp.Core.Transport.FetchConfig' GitSharp.Core.Transport.FetchConfigSectionParser' GitSharp.Core.Transport.NegotiateBeginRevFilter' GitSharp.Core.Transport.BasePackPushConnection' GitSharp.Core.Transport.BundleFetchConnection' GitSharp.Core.Transport.Daemon' GitSharp.Core.Transport.UploadPackService' GitSharp.Core.Transport.ReceivePackService' GitSharp.Core.Transport.DaemonClient' GitSharp.Core.Transport.DaemonService' GitSharp.Core.Transport.FetchHeadRecord' GitSharp.Core.Transport.FetchResult' GitSharp.Core.Transport.HttpTransport' GitSharp.Core.Transport.IFetchConnection' GitSharp.Core.Transport.IConnection' GitSharp.Core.Transport.IndexPack' GitSharp.Core.Transport.DeltaChain' GitSharp.Core.Transport.UnresolvedDelta' GitSharp.Core.Transport.NULLPreReceiveHook' GitSharp.Core.Transport.PreReceiveHook' GitSharp.Core.Transport.IPreReceiveHook' GitSharp.Core.Transport.IPushConnection' GitSharp.Core.Transport.IPackTransport' GitSharp.Core.Transport.OperationResult' GitSharp.Core.Transport.PacketLineIn' GitSharp.Core.Transport.AckNackResult' GitSharp.Core.Transport.PacketLineOut' GitSharp.Core.Transport.NULLReceiveHook' GitSharp.Core.Transport.PostReceiveHook' GitSharp.Core.Transport.IPostReceiveHook' GitSharp.Core.Transport.PushResult' GitSharp.Core.Transport.ReceiveCommand' GitSharp.Core.Transport.Type' GitSharp.Core.Transport.Result' GitSharp.Core.Transport.ReceivePack' GitSharp.Core.Transport.ReceiveConfig' GitSharp.Core.Transport.SectionParser' GitSharp.Core.Transport.Reporter' GitSharp.Core.Transport.ServiceReporter' GitSharp.Core.Transport.MessagesReporter' GitSharp.Core.Transport.RefSpec' GitSharp.Core.Transport.RemoteConfig' GitSharp.Core.Transport.RemoteRefUpdate' GitSharp.Core.Transport.UpdateStatus' GitSharp.Core.Transport.SideBandInputStream' GitSharp.Core.Transport.SideBandOutputStream' GitSharp.Core.Transport.TagOpt' GitSharp.Core.Transport.TcpTransport' GitSharp.Core.Transport.TrackingRefUpdate' GitSharp.Core.Transport.Transport' GitSharp.Core.Transport.Operation' GitSharp.Core.Transport.ITransportBundle' GitSharp.Core.Transport.TransportBundleConstants' GitSharp.Core.Transport.TransportBundleFile' GitSharp.Core.Transport.UploadPack' GitSharp.Core.Transport.URIish' GitSharp.Core.Transport.IWalkTransport' GitSharp.Core.Transport.RefFilterContants' GitSharp.Core.Transport.DefaultRefFilter' GitSharp.Core.Transport.RefFilter
God Component,GitSharp.Core,GitSharp.Core.Util,The tool detected the smell in this component because the component contains high number of classes. Number of classes in the component are: 64,GitSharp.Core.Util.USER_HOME' GitSharp.Core.Util.GLOBAL_HOME' GitSharp.Core.Util.SYSTEM_HOME' GitSharp.Core.Util.MutableInteger' GitSharp.Core.Util.NestedDictionary<K'V>' GitSharp.Core.Util.NestedSortedDictionary<K'V>' GitSharp.Core.Util.BourneUserPathStyle' GitSharp.Core.Util.Block' GitSharp.Core.Util.AlarmThread' GitSharp.Core.Util.AutoKiller' GitSharp.Core.Util.EofStream' GitSharp.Core.Util.ArrayExtension' GitSharp.Core.Util.GenericComparer<T>' GitSharp.Core.Util.IListUtil' GitSharp.Core.Util.BourneStyle' GitSharp.Core.Util.HeapBuffer' GitSharp.Core.Util.AtomicReferenceArray<T>' GitSharp.Core.Util.Int32Extensions' GitSharp.Core.Util.WeakReference<T>' GitSharp.Core.Util.IIterable' GitSharp.Core.Util.BasicIterator<T>' GitSharp.Core.Util.LambdaConverterIterator<TInput'TOutput>' GitSharp.Core.Util.IIterator' GitSharp.Core.Util.QuotedString' GitSharp.Core.Util.FileStreamExtensions' GitSharp.Core.Util.StringExtension' GitSharp.Core.Util.ICharSequence' GitSharp.Core.Util.ListIterator<T>' GitSharp.Core.Util.LinkedListIterator<T>' GitSharp.Core.Util.DumbStream' GitSharp.Core.Util.IO' GitSharp.Core.Util.StringUtils' GitSharp.Core.Util.GitPathStyle' GitSharp.Core.Util.RawCharSequence' GitSharp.Core.Util.InterruptTimer,GitSharp.Core.Util.ArrayExtension' GitSharp.Core.Util.DateTimeExtensions' GitSharp.Core.Util.AtomicReferenceArray<T>' GitSharp.Core.Util.IO' GitSharp.Core.Util.FileStreamExtensions' GitSharp.Core.Util.FS' GitSharp.Core.Util.USER_HOME' GitSharp.Core.Util.GLOBAL_HOME' GitSharp.Core.Util.SYSTEM_HOME' GitSharp.Core.Util.GenericComparer<T>' GitSharp.Core.Util.Inspector' GitSharp.Core.Util.Int32Extensions' GitSharp.Core.Util.MutableInteger' GitSharp.Core.Util.StringExtension' GitSharp.Core.Util.Crc32' GitSharp.Core.Util.MessageDigest' GitSharp.Core.Util.MessageDigest<TAlgorithm>' GitSharp.Core.Util.StringUtils' GitSharp.Core.Util.WeakReference<T>' GitSharp.Core.Util.Hex' GitSharp.Core.Util.NestedDictionary<K'V>' GitSharp.Core.Util.NestedSortedDictionary<K'V>' GitSharp.Core.Util.NestedDictionaryBase<K'V'D>' GitSharp.Core.Util.NB' GitSharp.Core.Util.PathUtil' GitSharp.Core.Util.RawParseUtils' GitSharp.Core.Util.DigestOutputStream' GitSharp.Core.Util.IListUtil' GitSharp.Core.Util.ICharSequence' GitSharp.Core.Util.IntList' GitSharp.Core.Util.ListIterator<T>' GitSharp.Core.Util.LinkedListIterator<T>' GitSharp.Core.Util.IIterable' GitSharp.Core.Util.BasicIterable<T>' GitSharp.Core.Util.BasicIterator<T>' GitSharp.Core.Util.LambdaConverterIterator<TInput'TOutput>' GitSharp.Core.Util.IIterator' GitSharp.Core.Util.IteratorBase<T>' GitSharp.Core.Util.QuotedString' GitSharp.Core.Util.BourneStyle' GitSharp.Core.Util.BourneUserPathStyle' GitSharp.Core.Util.GitPathStyle' GitSharp.Core.Util.RawCharSequence' GitSharp.Core.Util.RawSubStringPattern' GitSharp.Core.Util.TemporaryBuffer' GitSharp.Core.Util.LocalFileBuffer' GitSharp.Core.Util.HeapBuffer' GitSharp.Core.Util.Block' GitSharp.Core.Util.PipeStream' GitSharp.Core.Util.InterruptTimer' GitSharp.Core.Util.AlarmThread' GitSharp.Core.Util.AutoKiller' GitSharp.Core.Util.AlarmState' GitSharp.Core.Util.TimeoutStream' GitSharp.Core.Util.UnionInputStream' GitSharp.Core.Util.EofStream' GitSharp.Core.Util.DumbStream' GitSharp.Core.Util.RefList<T>' GitSharp.Core.Util.Builder<TRef>' GitSharp.Core.Util.RefMap' GitSharp.Core.Util.RefSet' GitSharp.Core.Util.EntrySet' GitSharp.Core.Util.SetIterator' GitSharp.Core.Util.Ent
Feature Concentration,GitSharp.Core,GitSharp.Core.Exceptions,The tool detected the smell in this component because the component realizes more than one architectural concern/feature. Independent sets of related classes within this component are: [CancelledException]' [CheckoutConflictException]' [CompoundException]' [ConfigInvalidException]' [ExceptionExtensions]' [GitlinksNotSupportedException]' [InvalidObjectIdException]' [NoClosingBracketException' InvalidPatternException]' [CorruptObjectException]' [EntryExistsException]' [FileLockedException]' [IncorrectObjectTypeException]' [PackInvalidException]' [MissingObjectException]' [ObjectWritingException]' [PackMismatchException]' [RepositoryNotFoundException' TransportException' MissingBundlePrerequisiteException' NoRemoteRepositoryException' PackProtocolException]' [RevisionSyntaxException]' [SymlinksNotSupportedException]' [RevWalkException]' [StopWalkException]' [UnmergedPathException]. LCC (Lack of Component Cohesion) = 0.81,GitSharp.Core.Exceptions.NoClosingBracketException' GitSharp.Core.Exceptions.InvalidPatternException' GitSharp.Core.Exceptions.CancelledException' GitSharp.Core.Exceptions.CheckoutConflictException' GitSharp.Core.Exceptions.CompoundException' GitSharp.Core.Exceptions.ConfigInvalidException' GitSharp.Core.Exceptions.ExceptionExtensions' GitSharp.Core.Exceptions.GitlinksNotSupportedException' GitSharp.Core.Exceptions.InvalidObjectIdException' GitSharp.Core.Exceptions.CorruptObjectException' GitSharp.Core.Exceptions.EntryExistsException' GitSharp.Core.Exceptions.FileLockedException' GitSharp.Core.Exceptions.IncorrectObjectTypeException' GitSharp.Core.Exceptions.PackInvalidException' GitSharp.Core.Exceptions.MissingObjectException' GitSharp.Core.Exceptions.ObjectWritingException' GitSharp.Core.Exceptions.PackMismatchException' GitSharp.Core.Exceptions.RevisionSyntaxException' GitSharp.Core.Exceptions.SymlinksNotSupportedException' GitSharp.Core.Exceptions.RevWalkException' GitSharp.Core.Exceptions.StopWalkException' GitSharp.Core.Exceptions.UnmergedPathException,GitSharp.Core.Exceptions.CancelledException' GitSharp.Core.Exceptions.CheckoutConflictException' GitSharp.Core.Exceptions.CompoundException' GitSharp.Core.Exceptions.ConfigInvalidException' GitSharp.Core.Exceptions.ExceptionExtensions' GitSharp.Core.Exceptions.GitlinksNotSupportedException' GitSharp.Core.Exceptions.InvalidObjectIdException' GitSharp.Core.Exceptions.NoClosingBracketException' GitSharp.Core.Exceptions.CorruptObjectException' GitSharp.Core.Exceptions.EntryExistsException' GitSharp.Core.Exceptions.FileLockedException' GitSharp.Core.Exceptions.IncorrectObjectTypeException' GitSharp.Core.Exceptions.PackInvalidException' GitSharp.Core.Exceptions.InvalidPatternException' GitSharp.Core.Exceptions.MissingObjectException' GitSharp.Core.Exceptions.ObjectWritingException' GitSharp.Core.Exceptions.PackMismatchException' GitSharp.Core.Exceptions.RepositoryNotFoundException' GitSharp.Core.Exceptions.RevisionSyntaxException' GitSharp.Core.Exceptions.SymlinksNotSupportedException' GitSharp.Core.Exceptions.MissingBundlePrerequisiteException' GitSharp.Core.Exceptions.NoRemoteRepositoryException' GitSharp.Core.Exceptions.PackProtocolException' GitSharp.Core.Exceptions.RevWalkException' GitSharp.Core.Exceptions.StopWalkException' GitSharp.Core.Exceptions.TransportException' GitSharp.Core.Exceptions.UnmergedPathException
Feature Concentration,GitSharp.Core,GitSharp.Core.Util,The tool detected the smell in this component because the component realizes more than one architectural concern/feature. Independent sets of related classes within this component are: [ArrayExtension]' [DateTimeExtensions]' [AtomicReferenceArray<T>]' [IO' FileStreamExtensions' LocalFileBuffer' Block' TemporaryBuffer' HeapBuffer]' [FS' USER_HOME' GLOBAL_HOME' SYSTEM_HOME]' [GenericComparer<T>]' [Inspector]' [Int32Extensions]' [MutableInteger' RawParseUtils' IntList' QuotedString' BourneStyle' BourneUserPathStyle' GitPathStyle' Hex]' [StringExtension]' [Crc32]' [MessageDigest' MessageDigest<TAlgorithm>' DigestOutputStream]' [StringUtils' RawSubStringPattern' ICharSequence' RawCharSequence]' [WeakReference<T>]' [NestedDictionary<K'V>' NestedDictionaryBase<K'V'D>' NestedSortedDictionary<K'V>]' [NB]' [PathUtil]' [IListUtil]' [ListIterator<T>]' [LinkedListIterator<T>' IIterator' IteratorBase<T>' UnionInputStream' EofStream' DumbStream' RefList<T>' Builder<TRef>' RefMap' RefSet' EntrySet' SetIterator' Ent' IIterable' BasicIterable<T>' BasicIterator<T>' LambdaConverterIterator<TInput'TOutput>]' [PipeStream]' [InterruptTimer' AlarmThread' AutoKiller' AlarmState]' [TimeoutStream]. LCC (Lack of Component Cohesion) = 0.36,GitSharp.Core.Util.DateTimeExtensions' GitSharp.Core.Util.AtomicReferenceArray<T>' GitSharp.Core.Util.GenericComparer<T>' GitSharp.Core.Util.Inspector' GitSharp.Core.Util.Int32Extensions' GitSharp.Core.Util.StringExtension' GitSharp.Core.Util.Crc32' GitSharp.Core.Util.WeakReference<T>' GitSharp.Core.Util.NB' GitSharp.Core.Util.PathUtil' GitSharp.Core.Util.IListUtil' GitSharp.Core.Util.ListIterator<T>' GitSharp.Core.Util.PipeStream' GitSharp.Core.Util.TimeoutStream,GitSharp.Core.Util.ArrayExtension' GitSharp.Core.Util.DateTimeExtensions' GitSharp.Core.Util.AtomicReferenceArray<T>' GitSharp.Core.Util.IO' GitSharp.Core.Util.FileStreamExtensions' GitSharp.Core.Util.FS' GitSharp.Core.Util.USER_HOME' GitSharp.Core.Util.GLOBAL_HOME' GitSharp.Core.Util.SYSTEM_HOME' GitSharp.Core.Util.GenericComparer<T>' GitSharp.Core.Util.Inspector' GitSharp.Core.Util.Int32Extensions' GitSharp.Core.Util.MutableInteger' GitSharp.Core.Util.StringExtension' GitSharp.Core.Util.Crc32' GitSharp.Core.Util.MessageDigest' GitSharp.Core.Util.MessageDigest<TAlgorithm>' GitSharp.Core.Util.StringUtils' GitSharp.Core.Util.WeakReference<T>' GitSharp.Core.Util.Hex' GitSharp.Core.Util.NestedDictionary<K'V>' GitSharp.Core.Util.NestedSortedDictionary<K'V>' GitSharp.Core.Util.NestedDictionaryBase<K'V'D>' GitSharp.Core.Util.NB' GitSharp.Core.Util.PathUtil' GitSharp.Core.Util.RawParseUtils' GitSharp.Core.Util.DigestOutputStream' GitSharp.Core.Util.IListUtil' GitSharp.Core.Util.ICharSequence' GitSharp.Core.Util.IntList' GitSharp.Core.Util.ListIterator<T>' GitSharp.Core.Util.LinkedListIterator<T>' GitSharp.Core.Util.IIterable' GitSharp.Core.Util.BasicIterable<T>' GitSharp.Core.Util.BasicIterator<T>' GitSharp.Core.Util.LambdaConverterIterator<TInput'TOutput>' GitSharp.Core.Util.IIterator' GitSharp.Core.Util.IteratorBase<T>' GitSharp.Core.Util.QuotedString' GitSharp.Core.Util.BourneStyle' GitSharp.Core.Util.BourneUserPathStyle' GitSharp.Core.Util.GitPathStyle' GitSharp.Core.Util.RawCharSequence' GitSharp.Core.Util.RawSubStringPattern' GitSharp.Core.Util.TemporaryBuffer' GitSharp.Core.Util.LocalFileBuffer' GitSharp.Core.Util.HeapBuffer' GitSharp.Core.Util.Block' GitSharp.Core.Util.PipeStream' GitSharp.Core.Util.InterruptTimer' GitSharp.Core.Util.AlarmThread' GitSharp.Core.Util.AutoKiller' GitSharp.Core.Util.AlarmState' GitSharp.Core.Util.TimeoutStream' GitSharp.Core.Util.UnionInputStream' GitSharp.Core.Util.EofStream' GitSharp.Core.Util.DumbStream' GitSharp.Core.Util.RefList<T>' GitSharp.Core.Util.Builder<TRef>' GitSharp.Core.Util.RefMap' GitSharp.Core.Util.RefSet' GitSharp.Core.Util.EntrySet' GitSharp.Core.Util.SetIterator' GitSharp.Core.Util.Ent
Feature Concentration,GitSharp.Core,GitSharp.Core.Util.JavaHelper,The tool detected the smell in this component because the component realizes more than one architectural concern/feature. Independent sets of related classes within this component are: [AtomicReference<T>' AtomicValue<T>' AtomicInteger' AtomicLong]' [Charset]' [Properties]. LCC (Lack of Component Cohesion) = 0.5,GitSharp.Core.Util.JavaHelper.Charset' GitSharp.Core.Util.JavaHelper.Properties,GitSharp.Core.Util.JavaHelper.AtomicReference<T>' GitSharp.Core.Util.JavaHelper.Charset' GitSharp.Core.Util.JavaHelper.AtomicValue<T>' GitSharp.Core.Util.JavaHelper.Properties' GitSharp.Core.Util.JavaHelper.AtomicInteger' GitSharp.Core.Util.JavaHelper.AtomicLong
Scattered Functionality,GitSharp.Core,GitSharp.Core.RevWalk,The tool detected the smell in this component because a set of two or more components realizes the same high-level architectural concern. Following components realize the same concern: GitSharp.Core.TreeWalk' GitSharp.Core,GitSharp.Core.TreeWalk.CanonicalTreeParser' GitSharp.Core.TreeWalk.AbstractTreeIterator' GitSharp.Core.FileMode,GitSharp.Core.TreeWalk.CanonicalTreeParser' GitSharp.Core.TreeWalk.AbstractTreeIterator' GitSharp.Core.FileMode
Scattered Functionality,GitSharp.Core,GitSharp.Core.Transport,The tool detected the smell in this component because a set of two or more components realizes the same high-level architectural concern. Following components realize the same concern: GitSharp.Core.RevWalk' GitSharp.Core,GitSharp.Core.RevWalk.RevObject' GitSharp.Core.PackWriter' GitSharp.Core.AnyObjectId' GitSharp.Core.RevWalk.RevCommit' GitSharp.Core.RevWalk.ObjectWalk' GitSharp.Core.RevWalk.RevWalk' GitSharp.Core.Repository' GitSharp.Core.Extensions' GitSharp.Core.Config' GitSharp.Core.RefExtensions' GitSharp.Core.ObjectId' GitSharp.Core.RevWalk.RevTag,GitSharp.Core.RevWalk.RevObject' GitSharp.Core.PackWriter' GitSharp.Core.AnyObjectId' GitSharp.Core.RevWalk.RevCommit' GitSharp.Core.RevWalk.ObjectWalk' GitSharp.Core.RevWalk.RevWalk' GitSharp.Core.Repository' GitSharp.Core.Extensions' GitSharp.Core.Config' GitSharp.Core.RefExtensions' GitSharp.Core.ObjectId' GitSharp.Core.RevWalk.RevTag
Scattered Functionality,GitSharp.Core,GitSharp.Core.Transport,The tool detected the smell in this component because a set of two or more components realizes the same high-level architectural concern. Following components realize the same concern: GitSharp.Core.TreeWalk' GitSharp.Core.RevWalk' GitSharp.Core,GitSharp.Core.TreeWalk.TreeWalk' GitSharp.Core.RevWalk.RevWalk' GitSharp.Core.FileMode' GitSharp.Core.RevWalk.RevObject,GitSharp.Core.TreeWalk.TreeWalk' GitSharp.Core.RevWalk.RevWalk' GitSharp.Core.FileMode' GitSharp.Core.RevWalk.RevObject
